t,temp,pcpu_freq_mhz,pcpu_usage,ecpu_freq_mhz,ecpu_usage
1784703015.084909,80.41867065429688,2845,0.8883700966835022,2064,0.9999973177909851
1784703016.129931,82.30758666992188,2787,0.8690813779830933,2063,0.9686513543128967
1784703017.18498,82.77637481689453,2783,0.8258379697799683,2059,0.8426774144172668
1784703018.250367,79.65220642089844,2919,0.9036402106285095,2063,0.9712793827056885
1784703019.2934852,83.50576782226562,2648,0.8205930590629578,2063,0.9249716997146606
1784703020.344501,83.72516632080078,2593,0.8096599578857422,2064,0.9946109056472778
1784703021.379898,84.18472290039062,2576,0.782282829284668,2061,0.8835673332214355
1784703022.429609,84.8852310180664,2682,0.8280106782913208,2063,0.9388657808303833
1784703023.490247,82.63688659667969,2745,0.8499387502670288,2063,0.964449942111969
1784703024.535792,85.12342071533203,2494,0.7582616806030273,2060,0.8658785820007324
1784703025.582596,85.02273559570312,2445,0.7635444402694702,2064,0.9999970197677612
1784703026.6418009,85.38211059570312,2461,0.7650692462921143,2064,0.969062089920044
1784703027.687755,85.98594665527344,2513,0.7728416919708252,2058,0.9374244213104248
1784703028.741985,85.85552978515625,2750,0.8543738126754761,2064,0.9650018811225891
1784703029.7943602,86.58035278320312,2390,0.7382459044456482,2062,0.9272681474685669
1784703030.8386161,86.8479995727539,2361,0.7370436787605286,2064,0.9966158866882324
1784703031.887681,87.16065216064453,2346,0.7206375002861023,2063,0.9522431492805481
1784703032.930945,87.26486206054688,2308,0.7205621004104614,2064,0.9953927993774414
1784703033.9792619,87.21835327148438,2807,0.8559499979019165,2061,0.928240180015564
1784703035.02502,87.61557006835938,2281,0.712119460105896,2064,0.9959002733230591
1784703036.077226,87.80758666992188,2272,0.7028746604919434,2062,0.9513599872589111
1784703037.123851,87.87395477294922,2246,0.6985577344894409,2064,0.9711873531341553
1784703038.168563,88.06550598144531,2262,0.706342339515686,2064,0.9998698830604553
1784703039.237767,88.27633666992188,2713,0.8382900357246399,2063,0.9210412502288818
1784703040.281875,88.87140655517578,2234,0.6939108371734619,2062,0.9862403869628906
1784703041.3219771,88.25084686279297,2205,0.6764346361160278,2061,0.9251153469085693
1784703042.372746,88.55389404296875,2179,0.6804305911064148,2064,0.9963769912719727
1784703043.418218,88.68324279785156,2165,0.6598034501075745,2061,0.9304749965667725
1784703044.462534,88.80294036865234,2138,0.6606995463371277,2060,0.8989224433898926
1784703045.512883,88.54583740234375,2675,0.8266764879226685,2063,0.9690412282943726
1784703046.557427,89.9541015625,2097,0.6547948122024536,2064,0.9984838962554932
1784703047.6123111,89.11876678466797,2099,0.6520712971687317,2064,0.9601984024047852
1784703048.660893,89.20252990722656,2076,0.642723798751831,2063,0.9602497816085815
1784703049.70834,89.3584976196289,2026,0.6327533721923828,2064,0.9959293603897095
1784703050.75543,89.1639633178711,2315,0.7156974673271179,2062,0.9336234927177429
1784703051.807101,90.65156555175781,2257,0.7000492215156555,2063,0.9653819799423218
1784703052.8624609,89.47817993164062,1973,0.6086656451225281,2061,0.9215160608291626
1784703053.897963,89.36112976074219,1960,0.6075400114059448,2063,0.9871808290481567
1784703054.939507,89.5219955444336,1926,0.5971710085868835,2063,0.951716959476471
1784703055.98493,89.52359008789062,1910,0.5965051651000977,2064,0.9909310340881348
1784703057.034197,89.45243835449219,2292,0.7070429921150208,2061,0.8888802528381348
1784703058.093458,90.64898681640625,2103,0.6519456505775452,2064,0.9829535484313965
1784703059.139322,89.81742095947266,1923,0.5980932116508484,2063,0.9703483581542969
1784703060.19783,90.10974884033203,1927,0.6017769575119019,2064,0.9964077472686768
1784703061.240874,90.26685333251953,1904,0.5861424207687378,2062,0.9567553400993347
1784703062.292416,90.3169937133789,1861,0.5811488032341003,2064,0.996586799621582
1784703063.343332,90.1091537475586,2227,0.684773862361908,2062,0.9313144683837891
1784703064.387774,91.47394561767578,2068,0.6351697444915771,2063,0.9546254277229309
1784703065.431975,90.49163818359375,1844,0.5745657086372375,2063,0.9430298805236816
1784703066.485128,90.16548156738281,1833,0.562944769859314,2062,0.9697767496109009
1784703067.528553,90.30987548828125,1837,0.568066418170929,2064,0.9528420567512512
1784703068.580748,90.46691131591797,1817,0.5673948526382446,2064,0.9999947547912598
1784703069.6309109,90.31714630126953,2016,0.6238225698471069,2063,0.9569873213768005
1784703070.6814022,91.6598892211914,2188,0.6774603724479675,2063,0.9612581729888916
1784703071.732699,90.4328842163086,1802,0.562705397605896,2064,0.9934561252593994
1784703072.776788,90.5283203125,1802,0.5566725730895996,2062,0.9264828562736511
1784703073.829592,90.75894165039062,1782,0.5563135147094727,2064,0.994794487953186
1784703074.880567,90.95947265625,1808,0.5468772053718567,2061,0.9306826591491699
1784703075.9310138,90.71741485595703,1777,0.5502156615257263,2063,0.9501066207885742
1784703076.977067,91.74124908447266,2326,0.7230477333068848,2063,0.9721391201019287
1784703078.0318642,90.82872772216797,1762,0.550213098526001,2064,0.9980082511901855
1784703079.078367,90.72345733642578,1779,0.5509956479072571,2064,0.9267244935035706
1784703080.133601,90.82449340820312,1768,0.5522114634513855,2064,0.9983643889427185
1784703081.17798,90.77974700927734,1755,0.5313706994056702,2061,0.9068805575370789
1784703082.217014,90.90174102783203,1736,0.5420727729797363,2064,0.9967887997627258
1784703083.277191,90.87943267822266,2310,0.7139201164245605,2062,0.9341551065444946
1784703084.314361,92.19747924804688,1748,0.5459465980529785,2064,0.9924160838127136
1784703085.37101,91.19709014892578,1757,0.5397413372993469,2061,0.9242758750915527
1784703086.4144,91.23367309570312,1723,0.5379674434661865,2064,0.9973666667938232
1784703087.469435,91.1681900024414,1726,0.524946928024292,2061,0.9246808290481567
1784703088.527803,91.10201263427734,1708,0.5331963300704956,2064,0.9969664216041565
1784703089.574612,91.18704986572266,1973,0.6137371063232422,2064,0.9610838890075684
1784703090.619061,90.9921646118164,2069,0.6414817571640015,2062,0.9662270545959473
1784703091.669454,91.08953094482422,1688,0.5271145701408386,2064,0.9952391982078552
1784703092.72115,91.28584289550781,1695,0.5244013071060181,2063,0.9500319957733154
1784703093.7630248,91.05043029785156,1659,0.5179735422134399,2064,0.9963898658752441
1784703094.810592,91.25834655761719,1676,0.5201824903488159,2063,0.957299530506134
1784703095.8723998,91.3563461303711,1666,0.5201278924942017,2064,0.9970606565475464
1784703096.940448,91.96393585205078,2221,0.6832910776138306,2061,0.9209579825401306
1784703097.984533,92.14386749267578,1654,0.516548216342926,2064,0.9965418577194214
1784703099.038396,91.24429321289062,1691,0.5177883505821228,2062,0.9444178938865662
1784703100.09435,91.48828125,1656,0.5172156691551208,2064,0.9999970197677612
1784703101.146235,91.449951171875,1674,0.5215616226196289,2064,0.9543319940567017
1784703102.188021,91.49371337890625,1694,0.5289644002914429,2064,0.9982419013977051
1784703103.2398589,91.54711151123047,1961,0.6081704497337341,2053,0.9623258709907532
1784703104.289977,92.48253631591797,1951,0.6062811613082886,2063,0.9889787435531616
1784703105.339347,91.75384521484375,1674,0.5228251814842224,2064,1.0
1784703106.3901172,91.7046890258789,1659,0.5129901170730591,2058,0.969379723072052
1784703107.4401479,91.6042709350586,1644,0.5133810043334961,2064,0.9993139505386353
1784703108.4898791,91.71859741210938,1664,0.5174960494041443,2062,0.9612473845481873
1784703109.54239,91.85521697998047,1614,0.5038992166519165,2064,0.9989184141159058
1784703110.58835,91.5105209350586,2264,0.6807113885879517,2059,0.896904706954956
1784703111.640364,92.1219711303711,1666,0.5201120972633362,2064,1.0
1784703112.692162,91.78858184814453,1679,0.5148298740386963,2049,0.9518622159957886
1784703113.74434,91.64314270019531,1627,0.5080516934394836,2064,0.999999463558197
1784703114.803333,91.86394500732422,1664,0.5005896687507629,2060,0.9098727107048035
1784703115.849491,92.15324401855469,1630,0.5088611841201782,2064,0.9969305992126465
1784703116.899122,91.81507873535156,1708,0.5266154408454895,2058,0.9775033593177795
1784703117.950529,92.72740173339844,2128,0.6591508388519287,2058,0.9750624299049377
1784703119.007571,91.85103607177734,1630,0.5088563561439514,2064,0.9964466691017151
1784703120.045043,92.01106262207031,1662,0.5021005868911743,2061,0.9086691737174988
1784703121.1018171,92.05056762695312,1637,0.5111830234527588,2064,0.9999984502792358
1784703122.1392798,91.88734436035156,1612,0.49649497866630554,2064,0.9574743509292603
1784703123.189394,91.66564178466797,1629,0.5086073279380798,2064,0.9997753500938416
1784703124.229413,92.02203369140625,1982,0.6134061813354492,2059,0.9718480110168457
1784703125.281705,92.87310791015625,1846,0.5724492073059082,2061,0.9755591154098511
1784703126.315632,92.22911834716797,1615,0.50433748960495,2064,0.9966944456100464
1784703127.366403,92.15092468261719,1625,0.49769240617752075,2062,0.9256701469421387
1784703128.428715,92.23140716552734,1586,0.49515077471733093,2064,0.9965952634811401
1784703129.467781,92.0511703491211,1593,0.490857869386673,2063,0.9235545992851257
1784703130.5143292,92.0703353881836,1559,0.4867105484008789,2064,0.9972758889198303
1784703131.5748842,91.89543151855469,2194,0.6671136021614075,2062,0.8844287395477295
1784703132.625258,92.58600616455078,1606,0.5014723539352417,2064,0.9982315301895142
1784703133.6728792,91.97085571289062,1577,0.4845554828643799,2062,0.9566500186920166
1784703134.7176661,92.10189819335938,1583,0.49431487917900085,2064,0.9946066737174988
1784703135.7624269,92.0956039428711,1585,0.4916350841522217,2063,0.9450196623802185
1784703136.806863,92.24407958984375,1614,0.4992871880531311,2062,0.9847074747085571
1784703137.860553,92.28239440917969,1580,0.49350714683532715,2064,0.9606521129608154
1784703138.9154072,93.11426544189453,2169,0.6679601669311523,2063,0.9489781856536865
1784703139.951425,92.29193115234375,1592,0.4972917139530182,2064,0.9954304695129395
1784703140.9957938,92.36300659179688,1600,0.49742379784584045,2064,0.9642921090126038
1784703142.043709,92.29684448242188,1585,0.49507397413253784,2064,0.9999954700469971
1784703143.101065,92.2812271118164,1632,0.5018235445022583,2060,0.9630857706069946
1784703144.146663,92.24948120117188,1570,0.4903027415275574,2064,0.9964185953140259
1784703145.190662,92.42676544189453,1799,0.5509119033813477,2062,0.9445371031761169
1784703146.2386508,93.18989562988281,1953,0.6063000559806824,2063,0.9664626717567444
1784703147.2915041,92.4866714477539,1555,0.48568499088287354,2064,0.9953724145889282
1784703148.3465128,92.29366302490234,1570,0.47931236028671265,2062,0.9518646597862244
1784703149.397057,92.15560913085938,1561,0.4876042604446411,2064,0.9964343905448914
1784703150.45564,92.43585205078125,1570,0.4861542284488678,2062,0.9476866722106934
1784703151.505932,92.2826156616211,1536,0.4798204302787781,2064,0.9939720630645752
1784703152.561308,92.21980285644531,2039,0.6302409768104553,2063,0.9421396255493164
1784703153.5994,92.50306701660156,1695,0.5273400545120239,2063,0.9848636388778687
1784703154.63934,92.86634826660156,1553,0.48495304584503174,2064,0.9925765991210938
1784703155.683709,92.32527160644531,1559,0.4803043305873871,2062,0.9411665201187134
1784703156.74129,92.28917694091797,1539,0.480701208114624,2064,0.9922957420349121
1784703157.782807,92.53881072998047,1566,0.4803963303565979,2062,0.919090986251831
1784703158.8340428,92.2660903930664,1520,0.47475799918174744,2064,0.9919852018356323
1784703159.888248,91.9754867553711,2165,0.6501004695892334,2060,0.8720740675926208
1784703160.935575,93.3599624633789,1575,0.49198970198631287,2064,0.9960064888000488
1784703161.978719,92.48944091796875,1554,0.4808979332447052,2063,0.9527105093002319
1784703163.0303721,92.4066390991211,1555,0.4822135865688324,2063,0.9833506345748901
1784703164.073014,92.3125991821289,1567,0.4894346296787262,2064,0.9992733597755432
1784703165.113995,92.07574462890625,1540,0.47278159856796265,2062,0.9437741041183472
1784703166.162869,92.39292907714844,1534,0.47909921407699585,2064,0.995396614074707
1784703167.220484,92.20368957519531,2153,0.6563829183578491,2061,0.9204214215278625
1784703168.267693,93.26789093017578,1537,0.4800625145435333,2064,0.9941216707229614
1784703169.313101,92.39330291748047,1552,0.4758099615573883,2062,0.9501349925994873
1784703170.365547,92.52532958984375,1506,0.470376193523407,2064,0.9975903034210205
1784703171.42276,92.2412338256836,1517,0.4682915210723877,2063,0.9362741112709045
1784703172.461503,92.24992370605469,1515,0.47299402952194214,2064,0.9926825761795044
1784703173.514337,92.33386993408203,1519,0.47441768646240234,2064,0.9969960451126099
1784703174.569473,92.35078430175781,2137,0.6583142280578613,2063,0.9344308972358704
1784703175.611104,92.72756958007812,1507,0.47073882818222046,2064,0.9983339309692383
1784703176.663389,92.16480255126953,1513,0.46427375078201294,2062,0.9328493475914001
1784703177.713742,92.33702087402344,1513,0.47266101837158203,2064,0.9947060346603394
1784703178.765537,92.28558349609375,1515,0.46842190623283386,2062,0.9473752975463867
1784703179.80761,92.45037078857422,1509,0.4713987410068512,2064,0.9897347688674927
1784703180.856382,92.32222747802734,1513,0.4645591974258423,2062,0.9373891353607178
1784703181.902422,93.20982360839844,2108,0.6551942229270935,2063,0.9664769768714905
1784703182.957679,92.4053726196289,1511,0.4719919264316559,2064,0.9955471754074097
1784703184.003872,92.17744445800781,1511,0.4674808382987976,2064,0.940896213054657
1784703185.061152,92.3193130493164,1519,0.4744711220264435,2064,0.9999947547912598
1784703186.1004212,92.42416381835938,1560,0.4801909923553467,2062,0.9479109048843384
1784703187.1481159,92.41980743408203,1509,0.47104528546333313,2064,0.9942331910133362
1784703188.203094,92.36088562011719,1580,0.49006152153015137,2063,0.9479789733886719
1784703189.269925,92.0849838256836,2010,0.6253299713134766,2064,0.9745689034461975
1784703190.314705,93.51527404785156,1525,0.47633904218673706,2064,0.9886672496795654
1784703191.375884,92.47477722167969,1530,0.467180997133255,2062,0.9444459676742554
1784703192.422539,92.70104217529297,1482,0.46277496218681335,2064,0.9957520961761475
1784703193.470017,92.26123809814453,1473,0.4531667232513428,2063,0.9319552779197693
1784703194.5243819,92.0606918334961,1456,0.4547283351421356,2064,0.997117280960083
1784703195.5642931,91.94175720214844,1663,0.5082224011421204,2063,0.9345784187316895
1784703196.620563,92.03884887695312,1997,0.616762101650238,2063,0.9610518217086792
1784703197.673514,92.26964569091797,1503,0.4693520665168762,2064,0.9968500137329102
1784703198.720609,92.25068664550781,1487,0.4629352390766144,2063,0.961047887802124
1784703199.764699,92.19921875,1482,0.46290457248687744,2064,0.995949387550354
1784703200.811337,92.29402160644531,1507,0.4557179808616638,2060,0.9418554306030273
1784703201.857622,92.3514633178711,1499,0.46814385056495667,2064,0.9974337816238403
1784703202.8975732,92.41168212890625,1700,0.5201365947723389,2063,0.9459798336029053
1784703203.944535,93.4399642944336,1908,0.5934731364250183,2063,0.9796155691146851
1784703204.9936981,92.44481658935547,1493,0.4663948118686676,2064,0.9937154054641724
1784703206.033172,92.43714904785156,1519,0.467271089553833,2064,0.9455065727233887
1784703207.084368,92.35885620117188,1520,0.4747118353843689,2064,0.9981793165206909
1784703208.136346,92.41023254394531,1536,0.4606684148311615,2061,0.9057705402374268
1784703209.186023,92.56509399414062,1485,0.4637949764728546,2064,0.996026873588562
1784703210.234814,92.43798828125,1610,0.49199551343917847,2063,0.9416327476501465
1784703211.294987,92.14874267578125,1948,0.6007641553878784,2062,0.9626510739326477
1784703212.3353732,93.46749114990234,1469,0.45884692668914795,2064,0.995654821395874
1784703213.391028,92.21558380126953,1476,0.46064913272857666,2063,0.9672996997833252
1784703214.435124,92.41899108886719,1471,0.45924657583236694,2064,0.9954754114151001
1784703215.48947,92.35585021972656,1479,0.45735037326812744,2063,0.9606543779373169
1784703216.5368378,92.25355529785156,1487,0.4642384350299835,2064,0.9992904663085938
1784703217.604666,92.5126953125,1658,0.5141556859016418,2064,0.9734923243522644
1784703218.6531892,92.12226867675781,1904,0.5929266810417175,2064,0.9873560070991516
1784703219.684396,92.41531372070312,1487,0.4644795060157776,2064,0.9941067099571228
1784703220.750308,92.43511962890625,1497,0.46013087034225464,2062,0.9408115148544312
1784703221.792779,92.62619018554688,1488,0.46484553813934326,2064,0.9923451542854309
1784703222.850058,92.5127182006836,1493,0.4624352753162384,2062,0.939574122428894
1784703223.894912,92.47099304199219,1481,0.46248623728752136,2064,0.9961410164833069
1784703224.9464772,92.6931381225586,1746,0.5365951061248779,2063,0.9567103385925293
1784703225.995372,93.4887466430664,1820,0.5670253038406372,2063,0.9773954153060913
1784703227.0344598,92.51652526855469,1468,0.45852014422416687,2064,0.9999984502792358
1784703228.079562,92.3622055053711,1516,0.46873560547828674,2064,0.9491298794746399
1784703229.134251,92.65167999267578,1483,0.46297648549079895,2064,0.9978551864624023
1784703230.178019,92.27894592285156,1499,0.45080259442329407,2061,0.9276411533355713
1784703231.236327,92.67672729492188,1474,0.46024930477142334,2064,0.9943377375602722
1784703232.279701,92.46355438232422,1687,0.5136342644691467,2062,0.9456620812416077
1784703233.3317068,93.04097747802734,1875,0.5831195116043091,2063,0.9736208319664001
1784703234.384528,93.56682586669922,1501,0.4687843918800354,2064,0.9942062497138977
1784703235.43976,92.65355682373047,1492,0.4623606204986572,2063,0.9717467427253723
1784703236.491318,92.48751831054688,1476,0.4608842134475708,2064,0.9938752055168152
1784703237.550442,92.59664154052734,1477,0.4583290219306946,2063,0.9530273675918579
1784703238.60439,92.36543273925781,1491,0.46564769744873047,2064,0.9999982118606567
1784703239.649905,92.58788299560547,1759,0.5435630679130554,2063,0.9648518562316895
1784703240.7070148,93.53289031982422,1844,0.5678607225418091,2062,0.9585800170898438
1784703241.765814,92.73428344726562,1496,0.46702033281326294,2064,0.9946872591972351
1784703242.818111,92.44712829589844,1476,0.4561403691768646,2063,0.9487897753715515
1784703243.861606,92.58380889892578,1471,0.45959046483039856,2064,0.9947503805160522
1784703244.914324,92.65582275390625,1503,0.4604901671409607,2062,0.9414829611778259
1784703245.964685,92.67201232910156,1467,0.45819249749183655,2064,0.9945170283317566
1784703247.0086,92.65328216552734,1805,0.5540322661399841,2060,0.9524294137954712
1784703248.050121,93.3623046875,1757,0.5402626991271973,2063,0.9685913324356079
1784703249.096676,92.71107482910156,1480,0.4621124267578125,2064,0.9999872446060181
1784703250.138221,92.68814086914062,1526,0.4755897521972656,2063,0.9684557318687439
1784703251.1919959,92.8944320678711,1490,0.4654063284397125,2064,0.990645170211792
1784703252.23941,92.68843841552734,1492,0.4537801742553711,2062,0.9199949502944946
1784703253.291712,92.70372009277344,1496,0.46735715866088867,2064,0.994526743888855
1784703254.348138,92.92781066894531,1805,0.5577517151832581,2062,0.9480699300765991
1784703255.394484,93.61841583251953,1778,0.5449016690254211,2062,0.9613057374954224
1784703256.4422941,93.63543701171875,1494,0.4664223790168762,2064,0.9925440549850464
1784703257.498564,92.92163848876953,1514,0.46140751242637634,2061,0.9167145490646362
1784703258.558621,92.77455139160156,1464,0.45717504620552063,2064,0.9961702823638916
1784703259.63421,92.80626678466797,1496,0.46491771936416626,2064,0.9417110681533813
1784703260.6831622,92.94441223144531,1517,0.4737311601638794,2064,0.9995220303535461
1784703261.728095,92.89910125732422,1848,0.5633180141448975,2061,0.9272627830505371
1784703262.774602,93.55663299560547,1747,0.5379339456558228,2063,0.9675934314727783
1784703263.831323,92.86288452148438,1484,0.46346721053123474,2064,0.9964891076087952
1784703264.883778,92.93537139892578,1491,0.4527842104434967,2060,0.9322106838226318
1784703265.930793,92.8240737915039,1458,0.4553520679473877,2064,0.9975900053977966
1784703266.983946,92.80094909667969,1474,0.4537343978881836,2062,0.9426196813583374
1784703268.040406,92.70256042480469,1438,0.4490852952003479,2064,0.9998154640197754
1784703269.089903,92.70892333984375,1803,0.5548696517944336,2062,0.9500973224639893
1784703270.1442702,93.27168273925781,1694,0.5271641612052917,2064,0.9849116802215576
1784703271.192827,92.62611389160156,1450,0.4527367353439331,2064,0.9999934434890747
1784703272.2483652,92.6059341430664,1522,0.4741438627243042,2063,0.9562200307846069
1784703273.299165,92.81304931640625,1444,0.45083993673324585,2064,0.9955756664276123
1784703274.342365,92.59168243408203,1488,0.4435774087905884,2061,0.9152913689613342
1784703275.396735,92.5645980834961,1465,0.45759013295173645,2064,0.9916500449180603
1784703276.44881,92.6713638305664,1757,0.5431472659111023,2062,0.9490998983383179
1784703277.495917,92.50142669677734,1760,0.54740309715271,2063,0.9639900922775269
1784703278.535659,93.53169250488281,1466,0.4577507972717285,2064,0.9961249828338623
1784703279.587738,92.66961669921875,1485,0.4537641704082489,2062,0.9404377937316895
1784703280.628862,92.7157211303711,1477,0.4613865315914154,2064,1.0
1784703281.67258,92.8279800415039,1482,0.45853179693222046,2064,0.97698974609375
1784703282.722375,92.90774536132812,1510,0.4715327024459839,2064,0.9999985694885254
1784703283.7762098,92.65279388427734,1652,0.5065496563911438,2036,0.9866898059844971
1784703284.816916,93.65609741210938,1893,0.5828093886375427,2049,0.992878794670105
1784703285.8600261,92.72056579589844,1473,0.45991089940071106,2064,1.0
1784703286.922039,92.67362213134766,1465,0.4500541090965271,2044,0.9904221296310425
1784703287.964788,92.69100952148438,1441,0.44996917247772217,2064,1.0
1784703289.009995,92.74177551269531,1483,0.45078641176223755,2021,0.979473352432251
1784703290.063586,92.96401977539062,1442,0.450457364320755,2064,1.0
1784703291.1087182,92.68464660644531,1477,0.4586995244026184,2064,0.9999206066131592
1784703292.153589,92.64202117919922,2061,0.6407124400138855,2064,1.0
1784703293.2029078,93.67926788330078,1496,0.4672270715236664,2064,1.0
1784703294.236646,92.90032958984375,1478,0.45607510209083557,2046,0.9720252752304077
1784703295.290188,92.9093246459961,1449,0.452503502368927,2064,1.0
1784703296.3454678,92.73719024658203,1443,0.4476274251937866,2047,0.9739099144935608
1784703297.39067,92.63957977294922,1436,0.44849467277526855,2064,1.0
1784703298.446398,92.61457061767578,1435,0.4479539394378662,2064,1.0
1784703299.494318,92.61758422851562,2128,0.6368118524551392,2019,0.9308549165725708
1784703300.547453,93.63587188720703,1467,0.45812225341796875,2064,1.0
1784703301.608619,93.036865234375,1465,0.45502838492393494,2064,0.993442714214325
1784703302.649409,92.8960189819336,1467,0.45803102850914,2064,1.0
1784703303.689833,93.016845703125,1500,0.4684406518936157,2064,1.0
1784703304.7277749,92.93335723876953,1464,0.4544886350631714,2057,0.9911085367202759
1784703305.772989,92.88470458984375,1456,0.45457279682159424,2064,1.0
1784703306.8241029,92.59803009033203,2072,0.6390835046768188,2046,0.9693953990936279
1784703307.85517,93.80526733398438,1446,0.4514071047306061,2064,1.0
1784703308.903614,92.8858413696289,1457,0.4550173580646515,2064,1.0
1784703309.9563782,92.98168182373047,1479,0.4534374475479126,2046,0.9726016521453857
1784703311.011266,93.04432678222656,1456,0.45472708344459534,2064,0.9991494417190552
1784703312.071755,92.88369750976562,1459,0.45315566658973694,2064,0.9731007814407349
1784703313.108577,92.88353729248047,1473,0.4599844217300415,2064,0.9975493550300598
1784703314.1575859,92.68275451660156,1968,0.6057723164558411,2061,0.9275820255279541
1784703315.210635,93.46097564697266,1485,0.4625128507614136,2063,0.9732570648193359
1784703316.258497,92.59200286865234,1441,0.44987642765045166,2064,0.9957484006881714
1784703317.300425,92.80419158935547,1461,0.44744038581848145,2061,0.9229423999786377
1784703318.3426402,92.73794555664062,1427,0.44559797644615173,2064,0.9975448250770569
1784703319.3923688,92.73104858398438,1443,0.4485686421394348,2063,0.9649496078491211
1784703320.4414551,92.70166015625,1418,0.4429749548435211,2064,0.9967678189277649
1784703321.482729,92.65533447265625,1894,0.589830756187439,2064,0.9818722009658813
1784703322.5348349,93.63800048828125,1616,0.5040012001991272,2064,0.9861187934875488
1784703323.586093,93.66537475585938,1511,0.47203174233436584,2064,0.9971424341201782
1784703324.6417868,93.09119415283203,1473,0.45599690079689026,2062,0.9359405040740967
1784703325.692173,93.04293823242188,1451,0.4530560374259949,2064,0.9948485493659973
1784703326.740983,92.9853286743164,1455,0.4462718367576599,2062,0.9355747103691101
1784703327.783427,93.08126068115234,1458,0.4553147852420807,2064,0.999826967716217
1784703328.8528059,92.83187866210938,1870,0.5757129192352295,2062,0.9526204466819763
1784703329.899115,93.91900634765625,1665,0.5110064744949341,2062,0.9460129737854004
1784703330.941874,93.10662078857422,1466,0.45779842138290405,2064,0.9922006726264954
1784703331.98958,92.9952621459961,1469,0.45576223731040955,2063,0.9566898345947266
1784703333.04094,92.97991943359375,1468,0.45837098360061646,2064,0.9999664425849915
1784703334.089398,92.9424819946289,1460,0.44778627157211304,2062,0.9472384452819824
1784703335.1363451,92.8490982055664,1425,0.4449165463447571,2064,0.9932090044021606
1784703336.182328,92.89349365234375,1698,0.5192236304283142,2061,0.9020949602127075
1784703337.2390358,93.61293029785156,1775,0.5519905090332031,2063,0.973844051361084
1784703338.288202,92.75226593017578,1438,0.448916494846344,2064,0.9957939386367798
1784703339.3306172,92.80803680419922,1481,0.452653706073761,2057,0.9507405757904053
1784703340.395013,93.00519561767578,1437,0.44860661029815674,2064,0.9949180483818054
1784703341.43979,92.91778564453125,1477,0.44850432872772217,2061,0.9234028458595276
1784703342.493075,93.03211975097656,1411,0.4408668875694275,2064,0.9993779063224792
1784703343.5416372,92.59654235839844,1558,0.48246145248413086,2064,0.9595215916633606
1784703344.597384,92.35679626464844,1930,0.5918871164321899,2062,0.9651808738708496
1784703345.642219,93.56535339355469,1442,0.4503788948059082,2064,0.9957608580589294
1784703346.689654,92.90589904785156,1481,0.4498816430568695,2061,0.916854202747345
1784703347.7368581,92.86114501953125,1442,0.45024532079696655,2064,0.999855637550354
1784703348.782387,92.65188598632812,1437,0.4390496611595154,2061,0.934881329536438
1784703349.84245,92.5625,1383,0.4318983852863312,2064,0.9948544502258301
1784703350.892344,92.43949127197266,1410,0.4331444501876831,2062,0.9348995089530945
1784703351.937175,93.30805969238281,1989,0.6189414262771606,2063,0.9780995845794678
1784703352.982063,93.0334243774414,1441,0.45018380880355835,2064,0.9987154006958008
1784703354.0362968,92.8246078491211,1459,0.4545370042324066,2064,0.9756582975387573
1784703355.0787342,92.78787231445312,1489,0.4649498462677002,2064,0.9998829364776611
1784703356.1301482,93.0639419555664,1449,0.44612184166908264,2063,0.9546067714691162
1784703357.1765099,92.86676025390625,1450,0.4527251124382019,2064,0.9949302673339844
1784703358.223285,92.82794952392578,1409,0.44001054763793945,2064,0.9972973465919495
1784703359.275465,92.30685424804688,2009,0.625244677066803,2063,0.959746241569519
1784703360.3294048,94.13398742675781,1437,0.4487151503562927,2064,0.9973758459091187
1784703361.3716018,92.73310852050781,1453,0.45070207118988037,2063,0.9395626187324524
1784703362.41297,92.77015686035156,1445,0.45130881667137146,2064,0.9964100122451782
1784703363.4673128,92.87115478515625,1402,0.4378734827041626,2064,0.9971892833709717
1784703364.518454,92.4741439819336,1427,0.4433249235153198,2064,0.9686306715011597
1784703365.5689979,92.59162139892578,1455,0.4542434811592102,2064,0.9990018606185913
1784703366.624375,92.69373321533203,1902,0.5842729806900024,2062,0.9353435039520264
1784703367.663349,94.02110290527344,1524,0.4749523997306824,2064,0.9938257336616516
1784703368.706523,92.87859344482422,1452,0.4533390402793884,2064,0.9963030815124512
1784703369.771093,92.75631713867188,1475,0.44418758153915405,2061,0.9215580821037292
1784703370.810997,92.849609375,1434,0.4477387070655823,2064,0.9944300651550293
1784703371.8558788,92.87469482421875,1458,0.4437430799007416,2054,0.9295770525932312
1784703372.9088671,92.87816619873047,1444,0.4509085416793823,2064,0.9968603849411011
1784703373.969711,92.6628189086914,1838,0.5673950910568237,2062,0.9597845673561096
1784703375.0184581,94.30106353759766,1660,0.5122376680374146,2064,0.9656909704208374
1784703376.066276,93.0572280883789,1455,0.4545161724090576,2064,0.9999018311500549
1784703377.120079,92.8671875,1457,0.43914783000946045,2059,0.9430947303771973
1784703378.163488,92.63259887695312,1384,0.4323757290840149,2064,0.9951463341712952
1784703379.211294,92.56755065917969,1413,0.4371568560600281,2063,0.9535956382751465
1784703380.260015,92.70085906982422,1401,0.43759870529174805,2064,0.9976122379302979
1784703381.3157911,92.7108383178711,1585,0.4826488792896271,2062,0.9333755373954773
1784703382.362497,93.48104858398438,1846,0.5722487568855286,2063,0.9709538817405701
1784703383.4187598,94.1675796508789,1463,0.45678651332855225,2064,0.9893513917922974
1784703384.4710379,93.07966613769531,1492,0.4594035744667053,2063,0.9422044157981873
1784703385.537097,93.20658111572266,1427,0.4457172453403473,2064,0.999395489692688
1784703386.607476,92.85734558105469,1464,0.45593100786209106,2063,0.9622469544410706
1784703387.652046,93.0414047241211,1434,0.44770458340644836,2064,0.9997602701187134
1784703388.6954792,92.64958953857422,1480,0.45000430941581726,2063,0.9553892612457275
1784703389.751627,93.97604370117188,1953,0.605139434337616,2063,0.9680737853050232
1784703390.804619,92.94711303710938,1450,0.45292121171951294,2064,0.990169882774353
1784703391.859086,92.97683715820312,1425,0.4387161433696747,2062,0.9542856812477112
1784703392.906157,92.65087890625,1386,0.43280625343322754,2064,0.9925406575202942
1784703393.952079,92.6216812133789,1411,0.43489694595336914,2062,0.9623503684997559
1784703394.991688,92.71642303466797,1377,0.4300357699394226,2064,0.9967517852783203
1784703396.0403898,92.60836029052734,1391,0.43438708782196045,2064,0.9861788749694824
1784703397.084803,92.08296966552734,1989,0.6182447075843811,2064,0.9754816293716431
1784703398.144765,94.25931549072266,1508,0.470716655254364,2064,0.9983453154563904
1784703399.2019799,93.06216430664062,1435,0.44160908460617065,2062,0.9513989090919495
1784703400.248655,92.77558898925781,1413,0.4414408504962921,2064,0.9942313432693481
1784703401.3066409,92.65701293945312,1411,0.4379180669784546,2063,0.949387788772583
1784703402.345263,92.77713775634766,1416,0.44212937355041504,2064,0.9935743808746338
1784703403.3992069,92.7870864868164,1403,0.4380134642124176,2064,0.9945242404937744
1784703404.454637,92.54367065429688,2004,0.6107368469238281,2060,0.9042869806289673
1784703405.498424,93.63903045654297,1435,0.4480816423892975,2064,0.9948133230209351
1784703406.554654,92.8246841430664,1456,0.45201733708381653,2064,0.952224850654602
1784703407.598376,92.865234375,1463,0.4568515717983246,2064,1.0
1784703408.6402502,92.79603576660156,1368,0.42736124992370605,2064,0.9999151825904846
1784703409.701557,92.58041381835938,1388,0.42777401208877563,2062,0.9604559540748596
1784703410.754268,92.40363311767578,1368,0.427223265171051,2064,0.9909641742706299
1784703411.809803,91.95179748535156,1826,0.5631692409515381,2063,0.9503719210624695
1784703412.8679512,94.261962890625,1591,0.4943282902240753,2063,0.9808617234230042
1784703413.914648,92.74401092529297,1418,0.4429857134819031,2064,0.9958497285842896
1784703414.9687748,92.7614517211914,1448,0.44278305768966675,2062,0.9286672472953796
1784703416.0237298,92.652099609375,1405,0.4387124180793762,2064,0.9955565333366394
1784703417.07125,92.74054718017578,1437,0.44394350051879883,2063,0.9420766830444336
1784703418.12468,92.65852355957031,1425,0.444915235042572,2064,0.9999954700469971
1784703419.182741,92.66133880615234,1637,0.5092297792434692,2063,0.9732284545898438
1784703420.2362418,93.58116912841797,1755,0.5456861853599548,2064,0.9762104153633118
1784703421.283905,92.89832305908203,1420,0.4435140788555145,2064,0.9928927421569824
1784703422.328992,92.7695083618164,1404,0.4330311119556427,2062,0.9258912801742554
1784703423.376702,92.64571380615234,1367,0.4270264208316803,2064,0.996477484703064
1784703424.434449,92.4409408569336,1392,0.4289476275444031,2062,0.9444876909255981
1784703425.484905,92.55384826660156,1365,0.42631110548973083,2064,0.9940279126167297
1784703426.525446,92.28771209716797,1441,0.4430886209011078,2063,0.9517807960510254
1784703427.586255,91.93415832519531,1946,0.6044568419456482,2064,0.980065107345581
1784703428.6327791,93.93541717529297,1455,0.45432835817337036,2064,0.9999983310699463
1784703429.6864169,92.57421112060547,1454,0.45131075382232666,2063,0.9704282879829407
1784703430.7506611,93.00328063964844,1449,0.45269644260406494,2064,0.9976396560668945
1784703431.7838972,92.66852569580078,1444,0.44233381748199463,2061,0.8998022675514221
1784703432.839853,92.91960906982422,1417,0.4425743818283081,2064,0.9983177185058594
1784703433.9014752,92.59552764892578,1408,0.43717697262763977,2063,0.9577144384384155
1784703434.9488451,93.57178497314453,1981,0.6155616044998169,2063,0.9805900454521179
1784703435.992877,93.72554779052734,1431,0.44691750407218933,2064,0.9956479668617249
1784703437.043091,92.8631820678711,1418,0.4396752417087555,2063,0.9565654993057251
1784703438.101396,92.58439636230469,1383,0.4318099319934845,2064,0.9996979832649231
1784703439.151205,92.51900482177734,1383,0.428671270608902,2064,0.9647656679153442
1784703440.1962612,92.48861694335938,1444,0.45097196102142334,2064,0.9991924166679382
1784703441.253037,92.37998962402344,1369,0.4275626540184021,2064,0.9960668087005615
1784703442.3092322,92.19049072265625,1967,0.6101372838020325,2062,0.9365756511688232
1784703443.3485062,93.82312774658203,1453,0.45360124111175537,2064,0.9937752485275269
1784703444.3948202,92.75581359863281,1384,0.4322074055671692,2064,0.9800015091896057
1784703445.4518468,92.61587524414062,1406,0.43674007058143616,2063,0.9803727269172668
1784703446.496307,92.62660217285156,1392,0.43473610281944275,2064,0.993069589138031
1784703447.551508,92.54669952392578,1446,0.43404820561408997,2050,0.9264616966247559
1784703448.601556,93.04824829101562,1378,0.4302709102630615,2064,0.9968196153640747
1784703449.655669,91.82410430908203,1794,0.5591226816177368,2064,0.9733020067214966
1784703450.694072,94.1155776977539,1638,0.5081610679626465,2064,0.9801807403564453
1784703451.749473,92.53973388671875,1384,0.432142972946167,2064,0.9955426454544067
1784703452.806609,92.56427001953125,1424,0.427905797958374,2060,0.9332335591316223
1784703453.849516,92.34107208251953,1367,0.4268766939640045,2064,0.994158148765564
1784703454.900877,92.349609375,1385,0.42854732275009155,2063,0.9646866917610168
1784703455.952275,92.34496307373047,1374,0.4291785657405853,2064,0.9977280497550964
1784703457.003555,92.27587127685547,1518,0.4648895859718323,2059,0.9291330575942993
1784703458.045818,93.40320587158203,1889,0.5858734846115112,2063,0.9719529151916504
1784703459.10318,92.70186614990234,1411,0.44058340787887573,2064,0.99398273229599
1784703460.166934,92.39668273925781,1406,0.43812572956085205,2064,0.9734372496604919
1784703461.217124,92.51126861572266,1443,0.4505749046802521,2064,0.9999951124191284
1784703462.268063,92.53853607177734,1439,0.4409562349319458,2062,0.9284960031509399
1784703463.311075,92.61894226074219,1393,0.43497490882873535,2064,0.9941531419754028
1784703464.362464,92.38858032226562,1407,0.42776986956596375,2062,0.9314562678337097
1784703465.425598,91.95294952392578,1999,0.6214891672134399,2063,0.9667941331863403
1784703466.462228,94.156982421875,1437,0.44885894656181335,2064,0.9917355179786682
1784703467.5252428,92.85610961914062,1406,0.437873899936676,2061,0.9597506523132324
1784703468.574715,92.62200927734375,1389,0.4338979423046112,2064,0.9943534731864929
1784703469.629462,92.46355438232422,1397,0.4342641234397888,2063,0.9708662033081055
1784703470.678613,92.5168685913086,1382,0.43147382140159607,2064,0.9991707801818848
1784703471.722731,92.4661636352539,1379,0.43089210987091064,2064,0.9999847412109375
1784703472.76937,93.3661117553711,2043,0.6286723613739014,2063,0.952782928943634
1784703473.821907,93.84053039550781,1461,0.4561757445335388,2064,0.9955470561981201
1784703474.866966,92.52855682373047,1374,0.4250940680503845,2063,0.9267538785934448
1784703475.905782,92.47820281982422,1388,0.4328816533088684,2063,0.9933532476425171
1784703476.948786,92.21662139892578,1371,0.4282222390174866,2064,0.9967660307884216
1784703477.991439,92.38420867919922,1390,0.4321630001068115,2063,0.9656445980072021
1784703479.0384378,92.3197250366211,1385,0.4325651526451111,2064,0.9921185970306396
1784703480.083694,92.17054748535156,1853,0.5703940987586975,2062,0.9315509796142578
1784703481.13413,93.7214584350586,1610,0.49891600012779236,2063,0.9747316837310791
1784703482.18367,92.8976821899414,1419,0.4431828260421753,2064,1.0
1784703483.232644,92.61902618408203,1492,0.4629517197608948,2062,0.9576224088668823
1784703484.286109,92.8138656616211,1389,0.43389174342155457,2064,0.9935938119888306
1784703485.3405771,92.57115936279297,1432,0.4359849691390991,2061,0.9266961812973022
1784703486.3865159,92.8149185180664,1383,0.43180808424949646,2064,0.9978113174438477
1784703487.429782,92.4706802368164,1582,0.48545312881469727,2062,0.9517136812210083
1784703488.472427,92.04146575927734,1828,0.5695009827613831,2064,0.9782028198242188
1784703489.515307,94.25582122802734,1406,0.4390037953853607,2064,0.996341347694397
1784703490.563967,92.63215637207031,1417,0.43742233514785767,2063,0.9532483220100403
1784703491.617569,92.73577880859375,1386,0.43282344937324524,2064,0.9977571368217468
1784703492.662742,92.58265686035156,1422,0.43747082352638245,2064,0.9627698063850403
1784703493.709849,92.73570251464844,1447,0.45171689987182617,2064,0.9989858865737915
1784703494.757937,92.46543884277344,1416,0.43529027700424194,2063,0.959633469581604
1784703495.7998679,93.63253784179688,1977,0.6147701144218445,2063,0.9761756062507629
1784703496.849438,92.93215942382812,1419,0.44302114844322205,2064,0.9926186800003052
1784703497.897598,92.46713256835938,1427,0.4342385530471802,2062,0.9304572939872742
1784703498.943389,92.7582778930664,1377,0.4300135374069214,2064,0.9964337944984436
1784703499.9993641,92.43363189697266,1395,0.43041732907295227,2062,0.9559119939804077
1784703501.0599492,92.56820678710938,1379,0.43076688051223755,2064,0.9955021142959595
1784703502.107604,92.43705749511719,1373,0.4288192689418793,2064,0.987892210483551
1784703503.1701279,91.84838104248047,1977,0.6147350072860718,2064,0.9406371116638184
1784703504.210346,94.00941467285156,1496,0.467090368270874,2064,0.9996324181556702
1784703505.265676,92.86872100830078,1377,0.4227639138698578,2063,0.9505778551101685
1784703506.320513,92.52699279785156,1392,0.43490779399871826,2064,0.9946099519729614
1784703507.378973,92.35546875,1365,0.4262621998786926,2064,0.9987630844116211
1784703508.433716,92.41011810302734,1387,0.4280661344528198,2062,0.9425215125083923
1784703509.489238,92.4760971069336,1358,0.42413920164108276,2064,0.9967291355133057
1784703510.5422459,92.39586639404297,1877,0.57136070728302,2062,0.9164919853210449
1784703511.5816479,93.39483642578125,1566,0.4883277416229248,2063,0.9871964454650879
1784703512.6258109,93.92672729492188,1359,0.42446380853652954,2064,0.9967015385627747
1784703513.680717,92.52953338623047,1405,0.43271711468696594,2055,0.9464315176010132
1784703514.739572,92.36605834960938,1370,0.42783769965171814,2064,0.9999877214431763
1784703515.785674,92.59390258789062,1463,0.4500772953033447,2062,0.9355441927909851
1784703516.8403141,92.26360321044922,1357,0.4239000976085663,2064,0.9975343942642212
1784703517.8804219,92.15435791015625,1516,0.4671039581298828,2062,0.9436788558959961
1784703518.930611,93.67707824707031,1884,0.5802555680274963,2063,0.9704196453094482
1784703519.978559,92.75154113769531,1376,0.4296555519104004,2064,0.9953662157058716
1784703521.028935,92.45443725585938,1403,0.43350693583488464,2060,0.9499486684799194
1784703522.081318,92.5556411743164,1386,0.4328262507915497,2064,0.9906268119812012
1784703523.142776,92.49107360839844,1418,0.4349934160709381,2062,0.9492648839950562
1784703524.1920772,92.81556701660156,1391,0.43448886275291443,2064,0.9999765157699585
1784703525.238131,92.65320587158203,1427,0.4401327967643738,2063,0.9592255353927612
1784703526.2956429,92.17313385009766,2035,0.6306565403938293,2063,0.9736769199371338
1784703527.347758,94.515869140625,1409,0.4400157928466797,2064,0.9965596199035645
1784703528.406496,92.5908203125,1443,0.44003650546073914,2060,0.905739426612854
1784703529.451668,92.7855453491211,1379,0.43053877353668213,2064,0.9952784776687622
1784703530.493172,92.53912353515625,1392,0.43235671520233154,2063,0.9732357263565063
1784703531.549388,92.52720642089844,1377,0.4301970899105072,2064,0.992074191570282
1784703532.601602,92.53312683105469,1378,0.4302000403404236,2064,0.9973066449165344
1784703533.666021,93.5673828125,2002,0.6131665706634521,2062,0.9279249906539917
1784703534.7130592,92.80699157714844,1447,0.4519071578979492,2064,0.9982162714004517
1784703535.759319,92.77128601074219,1420,0.44208264350891113,2064,0.9833245873451233
1784703536.819079,92.67451477050781,1427,0.4457763433456421,2064,0.9997353553771973
1784703537.865916,92.60138702392578,1391,0.4344618022441864,2064,0.9965174794197083
1784703538.917579,92.43106079101562,1376,0.4280890226364136,2062,0.9527416229248047
1784703539.962709,92.3792953491211,1349,0.4213618040084839,2064,0.9958863258361816
1784703541.007328,91.90785217285156,1830,0.5627230405807495,2062,0.9517896175384521
1784703542.054401,93.98539733886719,1513,0.47204282879829407,2064,0.9901567697525024
1784703543.1125271,92.3306655883789,1348,0.42101991176605225,2064,0.9961185455322266
1784703544.1580741,92.40039825439453,1372,0.42490601539611816,2061,0.9589644074440002
1784703545.2124958,92.20234680175781,1363,0.42563262581825256,2064,0.9985552430152893
1784703546.250303,92.19576263427734,1393,0.4307935833930969,2064,0.9605190753936768
1784703547.30197,92.46603393554688,1429,0.4461287558078766,2064,0.9994820356369019
1784703548.356517,92.4231948852539,1526,0.4717656970024109,2062,0.9564272165298462
1784703549.403798,91.90070343017578,1864,0.5754899382591248,2063,0.9716069102287292
1784703550.4581609,94.2200698852539,1404,0.4384031891822815,2064,0.9928644299507141
1784703551.508629,92.61343383789062,1396,0.4327946901321411,2063,0.9626200795173645
1784703552.5597491,92.50330352783203,1371,0.4280252456665039,2064,0.9935814142227173
1784703553.601366,92.38803100585938,1378,0.4272634983062744,2063,0.9642850756645203
1784703554.644324,92.15534973144531,1353,0.42261072993278503,2064,0.9950821995735168
1784703555.694433,92.0739517211914,1374,0.42857179045677185,2064,0.9786779880523682
1784703556.7405062,93.24478149414062,1939,0.6046867966651917,2064,0.9894710779190063
1784703557.7884622,92.3936538696289,1384,0.4322702884674072,2064,0.9999936819076538
1784703558.8405209,92.18170928955078,1398,0.4327693283557892,2063,0.9519426226615906
1784703559.8918242,92.28380584716797,1340,0.41853761672973633,2064,0.9962712526321411
1784703560.938677,92.08904266357422,1346,0.42028430104255676,2064,0.9918058514595032
1784703561.9937332,92.26708984375,1366,0.42274171113967896,2063,0.9638152718544006
1784703563.0444002,92.20671844482422,1356,0.4233661890029907,2064,0.9948809742927551
1784703564.103195,91.81940460205078,1954,0.5974042415618896,2061,0.9021210670471191
1784703565.1603682,93.94397735595703,1464,0.4571231007575989,2064,0.9928781986236572
1784703566.2073631,92.59576416015625,1372,0.4283815026283264,2064,0.9959223866462708
1784703567.2611048,92.33621978759766,1391,0.43372422456741333,2063,0.9598906636238098
1784703568.319377,92.2958984375,1374,0.42903220653533936,2064,0.9998908638954163
1784703569.368757,92.38211059570312,1433,0.4455130100250244,2062,0.9657354354858398
1784703570.4128268,92.4505844116211,1358,0.42400750517845154,2064,0.9955587983131409
1784703571.46735,92.35679626464844,1635,0.5064863562583923,2063,0.956747829914093
1784703572.525513,91.7862319946289,1723,0.5353130102157593,2064,0.9801273941993713
1784703573.5711849,94.1703872680664,1351,0.42196670174598694,2064,0.9935595989227295
1784703574.619914,92.22854614257812,1391,0.4274052679538727,2060,0.9600160121917725
1784703575.672346,92.2186508178711,1362,0.42537346482276917,2064,0.9961883425712585
1784703576.724478,92.32023620605469,1393,0.4260832965373993,2063,0.9593562483787537
1784703577.784296,92.2998046875,1367,0.42704254388809204,2064,0.99998939037323
1784703578.8340511,92.2548828125,1438,0.44718432426452637,2063,0.9741716384887695
1784703579.884633,93.78036499023438,1971,0.6113278269767761,2063,0.9784141182899475
1784703580.9368289,92.70235443115234,1367,0.42695891857147217,2064,0.9972554445266724
1784703581.991498,92.16777038574219,1417,0.42645058035850525,2062,0.9332994222640991
1784703583.037972,92.72425079345703,1359,0.4244614243507385,2064,0.9960196614265442
1784703584.084256,92.3023452758789,1389,0.42970675230026245,2063,0.9644715785980225
1784703585.1358762,92.53414916992188,1374,0.4293283224105835,2064,0.9957818984985352
1784703586.183983,92.53002166748047,1379,0.4305700957775116,2064,0.9947503209114075
1784703587.2339861,92.09555053710938,2026,0.6227294206619263,2062,0.9274420738220215
1784703588.290211,94.19966125488281,1438,0.4491027891635895,2064,0.9999951720237732
1784703589.343968,92.6435546875,1387,0.4323534369468689,2063,0.9722526669502258
1784703590.3957708,92.58346557617188,1421,0.4438183903694153,2064,0.9974725246429443
1784703591.458894,92.54004669189453,1347,0.42058175802230835,2064,0.9961313009262085
1784703592.510858,92.31397247314453,1370,0.4218766391277313,2062,0.9401372671127319
1784703593.57445,92.41049194335938,1341,0.41893085837364197,2064,0.9973939657211304
1784703594.616559,92.0916519165039,1788,0.5569297075271606,2063,0.9660851955413818
1784703595.671573,94.07337188720703,1552,0.4808040261268616,2063,0.9740667939186096
1784703596.720504,92.08209991455078,1345,0.4200368821620941,2064,0.9946363568305969
1784703597.761964,92.39952850341797,1396,0.4252225160598755,2062,0.9441151022911072
1784703598.820103,92.14247131347656,1364,0.42581459879875183,2064,0.9999918341636658
1784703599.861163,92.4749984741211,1442,0.4462206959724426,2063,0.9616736173629761
1784703600.937809,92.38066101074219,1369,0.42761126160621643,2064,0.9953001737594604
1784703602.013582,92.19282531738281,1515,0.4707428812980652,2060,0.9741487503051758
1784703603.088001,93.33489227294922,1899,0.5827593207359314,2063,0.9812235832214355
1784703604.147866,92.82038879394531,1363,0.4256960153579712,2064,0.9946874380111694
1784703605.2207801,92.19866943359375,1391,0.42881208658218384,2063,0.9414337873458862
1784703606.281331,92.41590118408203,1363,0.4257959723472595,2064,0.9965175986289978
1784703607.354445,92.31011962890625,1383,0.42708879709243774,2062,0.9620620012283325
1784703608.416296,92.3709487915039,1368,0.4271823763847351,2064,0.9999827742576599
1784703609.481473,92.24779510498047,1407,0.43859606981277466,2064,0.9901312589645386
1784703610.5572019,91.88410186767578,1960,0.6101617813110352,2064,0.9919735789299011
1784703611.6295922,94.17402648925781,1371,0.42826274037361145,2064,0.9917727708816528
1784703612.700063,92.30126953125,1362,0.4231124222278595,2063,0.9657524824142456
1784703613.7523,92.14994049072266,1348,0.42115673422813416,2064,0.9962821006774902
1784703614.817409,92.102294921875,1368,0.42449527978897095,2062,0.9473881721496582
1784703615.8800051,92.19499969482422,1347,0.42067161202430725,2064,0.9939239025115967
1784703616.93371,92.19689178466797,1343,0.4192632734775543,2064,0.9954386949539185
1784703617.996759,91.67435455322266,1946,0.6024360656738281,2063,0.9566274881362915
1784703619.066828,93.9789810180664,1377,0.43000736832618713,2064,1.0
1784703620.1321669,92.05378723144531,1356,0.42037731409072876,2064,0.9712281227111816
1784703621.1930418,92.2284164428711,1388,0.4336887001991272,2064,0.9987378120422363
1784703622.2631412,92.15778350830078,1328,0.4145604968070984,2064,0.9946776032447815
1784703623.3175979,92.1073989868164,1338,0.4154086112976074,2063,0.961507260799408
1784703624.3761091,91.8929214477539,1323,0.4133419990539551,2064,0.9941475987434387
1784703625.4367192,91.93383026123047,1803,0.557758092880249,2063,0.9389467239379883
1784703626.5006158,93.17109680175781,1487,0.460506796836853,2063,0.9798139333724976
1784703627.566865,92.76468658447266,1310,0.40907740592956543,2064,0.9995012283325195
1784703628.6271,91.73552703857422,1324,0.41220271587371826,2063,0.9770549535751343
1784703629.70518,91.7260971069336,1315,0.41065534949302673,2064,1.0
1784703630.763259,91.80477905273438,1338,0.41715288162231445,2064,0.9709466695785522
1784703631.8294861,91.80551147460938,1355,0.4230572581291199,2064,0.997653603553772
1784703632.915995,91.64118957519531,1440,0.4467950165271759,2063,0.9691076278686523
1784703633.977359,93.1242446899414,1800,0.5531368851661682,2063,0.9678924679756165
1784703635.032693,91.99816131591797,1284,0.4007490575313568,2064,0.9957737326622009
1784703636.099339,91.3155746459961,1309,0.4046100974082947,2063,0.9578123688697815
1784703637.164735,91.5677719116211,1294,0.4040945768356323,2064,0.9960247278213501
1784703638.2317178,91.38459014892578,1313,0.4058298170566559,2063,0.9618557691574097
1784703639.296999,91.52900695800781,1291,0.40327417850494385,2064,0.9970157742500305
1784703640.36153,91.25806427001953,1291,0.4032261073589325,2064,0.9999948740005493
1784703641.4214458,91.00080108642578,1964,0.6060738563537598,2063,0.9487586617469788
1784703642.489954,92.88922119140625,1293,0.4038366675376892,2064,0.9923166036605835
1784703643.542251,91.14470672607422,1269,0.39439186453819275,2063,0.9574234485626221
1784703644.618633,90.86933898925781,1286,0.3998256325721741,2063,0.98830246925354
1784703645.6843038,90.93351745605469,1284,0.4007490575313568,2064,0.995342493057251
1784703646.744461,90.92166137695312,1283,0.39551055431365967,2062,0.9463092684745789
1784703647.80593,90.89462280273438,1275,0.3981110453605652,2064,0.9999079704284668
1784703648.86346,90.42003631591797,1532,0.4725731909275055,2063,0.9495383501052856
1784703649.925569,92.8121109008789,1613,0.4961954951286316,2063,0.9661720395088196
1784703650.995795,90.60099792480469,1249,0.39020079374313354,2064,0.999996542930603
1784703652.0598981,90.56292724609375,1275,0.3972695469856262,2063,0.9767817854881287
1784703653.134259,90.85433959960938,1310,0.4088967740535736,2064,0.9982474446296692
1784703654.206607,90.6278305053711,1250,0.3858466148376465,2063,0.9477365016937256
1784703655.273553,90.46302795410156,1257,0.39267951250076294,2064,0.9970251321792603
1784703656.341656,90.48017883300781,1235,0.38589316606521606,2064,0.995147705078125
1784703657.409971,90.13285064697266,1860,0.5689853429794312,2063,0.9396231174468994
1784703658.46629,92.25747680664062,1216,0.3799278140068054,2064,0.9913526773452759
1784703659.530155,90.15072631835938,1229,0.3837690055370331,2063,0.9691782593727112
1784703660.5889258,90.1833267211914,1271,0.3898533284664154,2062,0.9703856110572815
1784703661.656644,90.09485626220703,1229,0.3840281069278717,2064,0.9999917149543762
1784703662.722352,90.17951202392578,1286,0.4007946848869324,2064,0.9894490242004395
1784703663.7881448,90.1353988647461,1232,0.3846513032913208,2064,0.9965565800666809
1784703664.854476,89.83137512207031,1353,0.41992712020874023,2063,0.9525898694992065
1784703665.913313,91.71368408203125,1679,0.5210586786270142,2063,0.9796571731567383
1784703666.986878,89.8735580444336,1196,0.3736135959625244,2064,0.9966461062431335
1784703668.045259,89.75891876220703,1244,0.3813815414905548,2061,0.9441017508506775
1784703669.107233,89.8522720336914,1211,0.37828314304351807,2064,0.9903953075408936
1784703670.17325,89.66337585449219,1207,0.3759523034095764,2063,0.9665676951408386
1784703671.2319329,89.72858428955078,1224,0.3817387819290161,2063,0.9961690902709961
1784703672.287292,89.59441375732422,1241,0.38757359981536865,2064,0.9999898076057434
1784703673.365587,89.61045837402344,1633,0.5068016648292542,2063,0.9718631505966187
1784703674.42181,91.20177459716797,1369,0.4246692359447479,2063,0.9810470342636108
1784703675.500612,90.62430572509766,1181,0.3690311312675476,2064,0.9953957796096802
1784703676.5673978,89.44844055175781,1217,0.3741667866706848,2063,0.9592684507369995
1784703677.63026,89.55896759033203,1183,0.36945903301239014,2064,0.9932421445846558
1784703678.698106,89.28044891357422,1198,0.3718586564064026,2063,0.9678828716278076
1784703679.736733,89.26408386230469,1183,0.36933210492134094,2064,0.9946374297142029
1784703680.80671,89.20942687988281,1178,0.36775925755500793,2064,0.9952039122581482
1784703681.9003031,89.9150161743164,1787,0.5547215342521667,2063,0.9617930054664612
1784703682.96766,91.09607696533203,1158,0.36172717809677124,2064,0.9999581575393677
1784703684.036712,88.91260528564453,1245,0.3889140486717224,2064,0.9990079998970032
1784703685.092811,88.99713897705078,1189,0.3683507442474365,2063,0.9559146165847778
1784703686.163415,88.87067413330078,1162,0.3630908131599426,2064,0.9952982068061829
1784703687.2210171,88.93394470214844,1185,0.3674393594264984,2063,0.9625318050384521
1784703688.293835,88.91615295410156,1161,0.3627595603466034,2064,0.9999549388885498
1784703689.381918,88.9523696899414,1225,0.37726983428001404,2063,0.9557645320892334
1784703690.445502,88.3404312133789,1733,0.5357441306114197,2063,0.9748718738555908
1784703691.5108721,90.86557006835938,1138,0.35530781745910645,2064,0.9955112338066101
1784703692.5719051,88.50896453857422,1173,0.3656632602214813,2064,0.9830119013786316
1784703693.629687,88.5856704711914,1178,0.36799225211143494,2064,0.9999945759773254
1784703694.694818,88.7368392944336,1208,0.3772689402103424,2064,0.9973743557929993
1784703695.744548,88.54488372802734,1167,0.36303311586380005,2063,0.9693329334259033
1784703696.8072891,88.44477844238281,1153,0.3600735664367676,2064,0.9946209788322449
1784703697.878381,88.36785888671875,1287,0.39907199144363403,2063,0.9653807282447815
1784703698.946939,90.01683807373047,1618,0.5028486251831055,2063,0.9811960458755493
1784703700.0161831,88.53128814697266,1137,0.3550942838191986,2064,0.9954400658607483
1784703701.093993,88.32719421386719,1160,0.36062338948249817,2063,0.967226505279541
1784703702.178833,88.35741424560547,1150,0.35920143127441406,2064,0.9960970878601074
1784703703.246492,88.27108764648438,1150,0.3591318428516388,2064,0.9999786019325256
1784703704.307202,88.35763549804688,1249,0.3860856592655182,2064,0.9618167877197266
1784703705.372071,88.42060852050781,1137,0.3551762104034424,2064,0.9916035532951355
1784703706.449533,88.23698425292969,1386,0.4285283088684082,2062,0.9493423700332642
1784703707.526437,87.6342544555664,1493,0.46355414390563965,2062,0.9787758588790894
1784703708.596673,90.17988586425781,1126,0.35163363814353943,2064,0.9985260963439941
1784703709.661176,88.052978515625,1153,0.35689613223075867,2063,0.9608542919158936
1784703710.729078,88.1406021118164,1133,0.35384878516197205,2064,0.9967293739318848
1784703711.788888,88.01934814453125,1133,0.353637158870697,2063,0.9735708236694336
1784703712.865282,88.0459213256836,1155,0.35630249977111816,2062,0.9783041477203369
1784703713.92533,87.83468627929688,1132,0.35358673334121704,2064,0.9999890327453613
1784703714.998606,87.59232330322266,1484,0.4622212052345276,2064,0.9751840829849243
1784703716.053463,89.7553482055664,1432,0.4432066082954407,2063,0.9746754169464111
1784703717.107262,87.64446258544922,1110,0.3468049466609955,2064,0.99424147605896
1784703718.177187,87.59378814697266,1134,0.35303398966789246,2063,0.963401198387146
1784703719.2392771,87.719482421875,1117,0.3488773703575134,2064,0.9932836890220642
1784703720.302067,87.62130737304688,1119,0.34638792276382446,2063,0.9718203544616699
1784703721.3650508,87.71009826660156,1139,0.3539460003376007,2063,0.9869732856750488
1784703722.434635,87.59048461914062,1114,0.34802526235580444,2064,0.9953784942626953
1784703723.493345,87.43485260009766,1470,0.4582422375679016,2063,0.9832234978675842
1784703724.553235,88.17295837402344,1361,0.4224987328052521,2064,0.983713686466217
1784703725.632621,89.23751068115234,1180,0.36859798431396484,2064,0.999300479888916
1784703726.706385,87.32022094726562,1116,0.34814924001693726,2064,0.9788159132003784
1784703727.759294,87.17941284179688,1104,0.3447195291519165,2064,0.9999563694000244
1784703728.827338,87.19175720214844,1106,0.345294326543808,2063,0.9827150106430054
1784703729.87017,87.23291778564453,1114,0.3465878367424011,2063,0.9828699827194214
1784703730.936862,87.16348266601562,1100,0.34367674589157104,2064,0.9954594373703003
1784703732.011418,87.02667999267578,1429,0.4454745054244995,2064,0.9847245812416077
1784703733.087857,88.86119079589844,1357,0.4217669665813446,2063,0.9804830551147461
1784703734.139014,86.94136810302734,1090,0.3404986262321472,2064,0.9999880194664001
1784703735.180362,86.91995239257812,1116,0.34677961468696594,2064,0.9757577180862427
1784703736.2409978,87.03549194335938,1166,0.3642100691795349,2064,0.9994250535964966
1784703737.30795,87.01924133300781,1092,0.34099119901657104,2064,0.9924800395965576
1784703738.360374,87.10620880126953,1113,0.3433796465396881,2062,0.9599660038948059
1784703739.4154859,86.9159164428711,1087,0.339322030544281,2064,0.9939006567001343
1784703740.473453,86.95466613769531,1326,0.408766508102417,2063,0.9632850885391235
1784703741.54231,86.28741455078125,1473,0.45811164379119873,2063,0.9826327562332153
1784703742.617314,88.79081726074219,1056,0.32958802580833435,2064,0.9951903223991394
1784703743.683339,86.73493957519531,1102,0.3426552712917328,2063,0.9751468300819397
1784703744.763626,86.70226287841797,1089,0.34004145860671997,2064,0.9999924302101135
1784703745.832662,86.75267791748047,1154,0.3604901134967804,2064,0.9992260932922363
1784703746.8848488,86.72871398925781,1099,0.33966946601867676,2063,0.9682788252830505
1784703747.950721,86.59169006347656,1078,0.33660003542900085,2064,0.999727189540863
1784703749.0278442,86.419189453125,1240,0.3829340934753418,2063,0.9668018221855164
1784703750.091161,87.87824249267578,1542,0.4791018068790436,2063,0.9804351329803467
1784703751.157598,87.6124496459961,1050,0.3278985917568207,2064,0.9948241710662842
1784703752.227005,86.1817398071289,1082,0.33587267994880676,2063,0.961800754070282
1784703753.2968478,86.3421859741211,1077,0.3365935981273651,2064,0.9931825399398804
1784703754.367182,86.33282470703125,1075,0.33577120304107666,2064,0.9969773888587952
1784703755.444578,86.32635498046875,1097,0.341316282749176,2064,0.9758743643760681
1784703756.5261078,86.3322525024414,1108,0.3461399972438812,2064,0.9999921917915344
1784703757.574209,86.36073303222656,1175,0.3632029592990875,2063,0.9605763554573059
1784703758.622952,86.10490417480469,1634,0.5097193717956543,2063,0.9818803071975708
1784703759.683425,85.9574966430664,1044,0.3260725438594818,2064,0.9972649812698364
1784703760.759439,85.93757629394531,1056,0.32823145389556885,2063,0.9770253300666809
1784703761.818304,86.0371322631836,1078,0.33583682775497437,2063,0.9922116994857788
1784703762.881918,85.90266418457031,1066,0.3331068754196167,2064,0.9952923655509949
1784703763.928158,86.08786010742188,1085,0.33630433678627014,2063,0.9694975018501282
1784703765.004216,85.9333724975586,1069,0.33395302295684814,2064,0.9956230521202087
1784703766.096545,86.07306671142578,1073,0.33305859565734863,2064,0.9830117225646973
1784703767.170233,85.43403625488281,1712,0.5334489345550537,2063,0.9872713088989258
1784703768.236545,87.69078063964844,1080,0.3371833562850952,2064,0.9999569654464722
1784703769.309124,85.84783172607422,1053,0.32870224118232727,2064,0.9973019361495972
1784703770.3843782,85.62792205810547,1067,0.32979917526245117,2062,0.9705148339271545
1784703771.437495,85.81831359863281,1056,0.32958802580833435,2064,0.9971864819526672
1784703772.516068,85.68523406982422,1069,0.33277466893196106,2063,0.979845404624939
1784703773.582598,85.77995300292969,1056,0.32958802580833435,2064,0.9960015416145325
1784703774.634241,85.62289428710938,1058,0.3304319381713867,2064,0.9930462837219238
1784703775.72089,86.09197235107422,1683,0.5130089521408081,2063,0.9902982711791992
1784703776.7673368,87.49725341796875,1135,0.35461917519569397,2064,1.0
1784703777.84199,85.4526138305664,1046,0.32683926820755005,2064,1.0
1784703778.909508,85.65779113769531,1099,0.3410479426383972,2062,0.9992623925209045
1784703779.976762,85.54841613769531,1101,0.3437744975090027,2064,1.0
1784703781.046039,85.45720672607422,1056,0.32958802580833435,2064,1.0
1784703782.1234171,85.41905975341797,1056,0.3277815878391266,2057,0.9966951608657837
1784703783.189644,85.3965072631836,1053,0.32874393463134766,2064,1.0
1784703784.27086,85.42200469970703,1171,0.3623419404029846,2041,0.9889465570449829
1784703785.351115,84.74585723876953,1541,0.47506335377693176,2051,0.9936985969543457
1784703786.416362,87.34130859375,1027,0.3208053708076477,2064,1.0
1784703787.5061362,85.16370391845703,1044,0.32267194986343384,2063,0.9977130889892578
1784703788.5604942,85.0825424194336,1081,0.33750417828559875,2064,1.0
1784703789.627794,85.19029235839844,1091,0.3407927453517914,2064,1.0
1784703790.680033,85.21222686767578,1056,0.32789984345436096,2061,0.9845260381698608
1784703791.756015,85.23371887207031,1041,0.32514286041259766,2064,0.9999956488609314
1784703792.80578,85.14603424072266,1041,0.3251149356365204,2064,0.9985973834991455
1784703793.875793,84.58484649658203,1641,0.5048665404319763,2055,0.9589807391166687
1784703794.937427,87.095458984375,1055,0.32943716645240784,2064,1.0
1784703796.021926,85.0062026977539,1038,0.32439911365509033,2064,1.0
1784703797.099832,84.99271392822266,1050,0.32651907205581665,2063,0.9914727807044983
1784703798.166167,85.04415130615234,1044,0.32604655623435974,2064,1.0
1784703799.228868,85.04046630859375,1051,0.32514944672584534,2048,0.982660174369812
1784703800.3052092,85.16218566894531,1105,0.344939649105072,2064,1.0
1784703801.369966,85.05626678466797,1038,0.32427823543548584,2064,1.0
1784703802.4281511,84.95646667480469,1286,0.3979601562023163,2056,0.9860119819641113
1784703803.498786,84.35258483886719,1385,0.43000030517578125,2059,0.9964321851730347
1784703804.5558121,86.74224853515625,1020,0.31872016191482544,2064,0.9990628957748413
1784703805.6200352,84.74687194824219,1039,0.31886905431747437,2061,0.944580614566803
1784703806.6902552,84.70106506347656,1050,0.32784104347229004,2064,0.9985150098800659
1784703807.753769,84.63412475585938,1027,0.3207204043865204,2064,1.0
1784703808.8485398,84.68003845214844,1045,0.3239816725254059,2064,0.9725537896156311
1784703809.9145138,84.76882934570312,1090,0.3404462933540344,2064,0.9991191625595093
1784703810.989268,84.76025390625,1044,0.3234996795654297,2063,0.9624193906784058
1784703812.056536,84.06088256835938,1623,0.5060285329818726,2064,0.9852383136749268
1784703813.123583,86.58422088623047,996,0.3111865818500519,2064,0.9929095506668091
1784703814.191037,84.40290832519531,1018,0.31813597679138184,2064,0.9945175647735596
1784703815.256447,84.4089126586914,1041,0.3244056701660156,2063,0.9608514308929443
1784703816.3378508,84.43195343017578,1022,0.31913578510284424,2064,0.9999865293502808
1784703817.3899388,84.53400421142578,1030,0.3206384479999542,2063,0.982087254524231
1784703818.463187,84.35446166992188,1022,0.319082111120224,2064,0.9999948143959045
1784703819.531828,84.46104431152344,1036,0.32343223690986633,2064,0.9995996952056885
1784703820.608555,84.49382019042969,1519,0.4723007082939148,2062,0.9850510954856873
1784703821.672491,86.30032348632812,1151,0.35676687955856323,2063,0.9849859476089478
1784703822.737257,84.18704986572266,1009,0.3149867057800293,2064,0.9959855079650879
1784703823.806583,84.23943328857422,1024,0.3177929222583771,2063,0.9832098484039307
1784703824.8690329,84.25752258300781,1013,0.3163076639175415,2064,0.9946271777153015
1784703825.9240031,84.24853515625,1013,0.3162626028060913,2064,0.9983220100402832
1784703826.9993641,84.29408264160156,1033,0.32076969742774963,2063,0.9700083136558533
1784703828.073453,84.23674011230469,1019,0.3182211220264435,2064,0.9999287128448486
1784703829.134248,84.17298889160156,1197,0.37221720814704895,2064,0.9782440066337585
1784703830.199303,85.17432403564453,1472,0.45793071389198303,2064,0.9883119463920593
1784703831.259063,85.93460083007812,1055,0.32956477999687195,2064,0.9970458149909973
1784703832.321016,84.04662322998047,1007,0.31317242980003357,2064,0.9867587089538574
1784703833.3700109,84.00411987304688,1023,0.3195464313030243,2064,1.0
1784703834.427302,84.0285873413086,1013,0.31628191471099854,2064,0.9968874454498291
1784703835.5043478,84.00935363769531,1030,0.31796225905418396,2063,0.9718294143676758
1784703836.562912,84.09880828857422,1007,0.31451284885406494,2064,0.9972874522209167
1784703837.630055,84.04432678222656,1007,0.3147212862968445,2064,0.9969362020492554
1784703838.68145,84.83646392822266,1607,0.49767735600471497,2063,0.988329291343689
1784703839.749274,85.80235290527344,1040,0.32468560338020325,2064,1.0
1784703840.81371,83.94178009033203,1008,0.3147410750389099,2064,1.0
1784703841.8901,83.951171875,1055,0.32794272899627686,2055,0.9870395660400391
1784703842.951791,84.13640594482422,1041,0.3252980709075928,2064,1.0
1784703844.022891,83.86731719970703,999,0.3119826912879944,2064,1.0
1784703845.085153,83.81409454345703,1012,0.3135194182395935,2061,0.9837045669555664
1784703846.1593542,83.93611145019531,995,0.3108913004398346,2064,1.0
1784703847.232878,83.84304809570312,1177,0.3609176278114319,2048,0.9740904569625854
1784703848.318357,83.24546813964844,1453,0.4483739137649536,2061,0.9823210835456848
1784703849.399543,85.66658020019531,991,0.30950939655303955,2064,1.0
1784703850.462999,83.63648223876953,1005,0.3126572072505951,2064,0.9873597025871277
1784703851.530504,83.72871398925781,1007,0.3145240545272827,2064,1.0
1784703852.5919108,83.68433380126953,1061,0.3313913345336914,2064,1.0
1784703853.662275,83.72830963134766,1004,0.3123568892478943,2062,0.9910061359405518
1784703854.7121658,83.6347427368164,992,0.3100185692310333,2064,0.9999996423721313
1784703855.767872,83.50720977783203,990,0.3091525733470917,2064,0.9999985694885254
1784703856.841277,83.10826110839844,1525,0.4670775532722473,2053,0.9660940170288086
1784703857.9116428,85.31723022460938,1074,0.33558475971221924,2064,1.0
1784703858.990653,83.37722778320312,990,0.3093356490135193,2064,1.0
1784703860.0603251,83.31700134277344,1013,0.31577005982398987,2064,0.9872658252716064
1784703861.1251352,83.33765411376953,993,0.3102569878101349,2064,1.0
1784703862.2074509,83.32275390625,1056,0.329723596572876,2064,1.0
1784703863.271793,83.53386688232422,1012,0.31380027532577515,2059,0.9821599721908569
1784703864.344936,83.37650299072266,985,0.30774566531181335,2064,1.0
1784703865.4158568,83.34867858886719,1106,0.34040480852127075,2048,0.9604617357254028
1784703866.475989,82.98230743408203,1530,0.4708539843559265,2058,0.9812018275260925
1784703867.537017,85.01971435546875,969,0.30267709493637085,2064,1.0
1784703868.600323,83.246826171875,985,0.30770838260650635,2064,1.0
1784703869.6588428,83.24779510498047,1020,0.31233155727386475,2052,0.9679869413375854
1784703870.7276568,83.14041137695312,987,0.3084523677825928,2064,0.999998152256012
1784703871.793851,83.23640441894531,1000,0.3110103905200958,2063,0.9798280596733093
1784703872.8734012,83.24905395507812,1028,0.321015864610672,2064,0.9997216463088989
1784703873.922378,83.33929443359375,1003,0.3132566213607788,2064,0.9988198280334473
1784703875.001471,82.93789672851562,1359,0.41624578833580017,2061,0.9307950735092163
1784703876.068914,84.85570526123047,1220,0.37861713767051697,2064,0.9829729795455933
1784703877.1242409,82.88599395751953,970,0.30304259061813354,2064,0.9937706589698792
1784703878.1827662,82.97152709960938,981,0.30586886405944824,2063,0.9789537191390991
1784703879.244239,82.94876861572266,974,0.3041366934776306,2064,0.9943991899490356
1784703880.3011148,82.96753692626953,972,0.30365481972694397,2064,0.994806706905365
1784703881.3639948,82.97229766845703,999,0.3099966049194336,2063,0.9720114469528198
1784703882.442252,83.03349304199219,976,0.30478453636169434,2064,0.9999904632568359
1784703883.5178308,82.96529388427734,1046,0.3255191743373871,2063,0.9800944328308105
1784703884.589349,82.88288879394531,1584,0.49147698283195496,2062,0.9894250631332397
1784703885.651788,82.99082946777344,946,0.2956322431564331,2064,1.0
1784703886.715791,82.86785125732422,962,0.30056634545326233,2064,1.0
1784703887.775072,82.94364166259766,991,0.3042011260986328,2064,0.9747802019119263
1784703888.843953,82.86488342285156,957,0.2988792061805725,2064,0.9984481334686279
1784703889.901261,82.75439453125,964,0.30094078183174133,2063,0.9791215062141418
1784703890.958403,82.80844116210938,986,0.3048475384712219,2063,0.973753809928894
1784703892.030901,82.67992401123047,965,0.30157846212387085,2064,0.9998396635055542
1784703893.0859451,82.82483673095703,1123,0.34900525212287903,2063,0.9710004329681396
1784703894.1590889,83.39006042480469,1466,0.45518729090690613,2063,0.9848271012306213
1784703895.21781,84.58941650390625,935,0.29205840826034546,2064,0.9967401623725891
1784703896.2958772,82.44949340820312,950,0.29688209295272827,2064,0.9972279071807861
1784703897.364743,82.54310607910156,966,0.3010095953941345,2063,0.9740415811538696
1784703898.415481,82.55187225341797,951,0.2968965768814087,2064,0.9939444065093994
1784703899.4784698,82.4371109008789,964,0.2998271584510803,2063,0.9802637100219727
1784703900.551979,82.5475082397461,952,0.29728877544403076,2064,0.993854820728302
1784703901.604295,82.501708984375,957,0.2990720868110657,2064,0.9976527690887451
1784703902.672862,82.01666259765625,1376,0.42903703451156616,2063,0.9859245419502258
1784703903.735233,84.14602661132812,1141,0.3553088307380676,2064,0.9924900531768799
1784703904.818435,82.32884979248047,1006,0.3142211139202118,2064,1.0
1784703905.871551,82.32512664794922,972,0.2990236282348633,2064,0.9794763326644897
1784703906.942003,82.39253997802734,945,0.2951500415802002,2064,0.9986251592636108
1784703908.00893,82.20956420898438,942,0.29433825612068176,2064,0.9999116659164429
1784703909.06407,82.38056945800781,964,0.2973763942718506,2063,0.9736064672470093
1784703910.142006,82.31500244140625,945,0.2950724959373474,2064,0.9963958263397217
1784703911.2111402,82.29259490966797,942,0.29446834325790405,2064,0.9964709877967834
1784703912.2798002,82.0103530883789,1585,0.48831886053085327,2058,0.9504117965698242
1784703913.350129,83.9101333618164,938,0.29305949807167053,2064,0.9999839067459106
1784703914.405857,82.01576232910156,1015,0.31699925661087036,2064,0.999171793460846
1784703915.4719071,82.12300872802734,961,0.2977482080459595,2063,0.9663487076759338
1784703916.540221,82.1491470336914,942,0.29435184597969055,2064,0.9947077631950378
1784703917.6038451,82.1228256225586,942,0.29442450404167175,2064,0.9961304664611816
1784703918.668869,82.12298583984375,954,0.29624834656715393,2063,0.9752907752990723
1784703919.729137,81.98138427734375,943,0.29476189613342285,2064,0.9974478483200073
1784703920.808317,81.96965026855469,1041,0.3204159140586853,2063,0.9707579612731934
1784703921.87604,83.35521697998047,1469,0.4552762508392334,2063,0.9810038805007935
1784703922.934696,82.18597412109375,933,0.29131126403808594,2064,1.0
1784703924.00825,81.99919891357422,945,0.2951740324497223,2064,1.0
1784703925.066165,82.01402282714844,977,0.30437958240509033,2064,0.9834378957748413
1784703926.135046,81.99317169189453,1002,0.3130752444267273,2064,0.9966443181037903
1784703927.21616,81.97303771972656,960,0.29718488454818726,2060,0.9582592248916626
1784703928.271998,82.01715850830078,947,0.2957455515861511,2064,0.9933179616928101
1784703929.337489,81.96185302734375,940,0.29370397329330444,2064,0.996249794960022
1784703930.406871,81.91363525390625,1246,0.3847309350967407,2063,0.9690912961959839
1784703931.469989,81.38568115234375,1268,0.3911057114601135,2063,0.9731312990188599
1784703932.5434198,83.6884536743164,936,0.29258015751838684,2064,0.9971375465393066
1784703933.600124,81.73209381103516,967,0.2989480793476105,2064,0.9711846113204956
1784703934.693554,81.8775405883789,985,0.3078823387622833,2064,0.9999901056289673
1784703935.7754529,81.86148071289062,995,0.3107454776763916,2064,0.9988908767700195
1784703936.833792,81.75341796875,979,0.3003092408180237,2062,0.9509657621383667
1784703937.9011042,81.85482025146484,942,0.29443156719207764,2064,0.9961993098258972
1784703938.9650052,81.78955841064453,950,0.2967917323112488,2064,0.997137188911438
1784703940.014453,81.48949432373047,1453,0.4527360796928406,2064,0.9975572824478149
1784703941.093902,83.47693634033203,1129,0.34830281138420105,2064,0.9977557063102722
1784703942.172488,81.74150085449219,947,0.2958793044090271,2064,1.0
1784703943.228271,81.69910430908203,975,0.30145251750946045,2064,0.9926517009735107
1784703944.2932549,81.79409790039062,951,0.29694172739982605,2064,1.0
1784703945.349182,81.78741455078125,949,0.29662367701530457,2064,1.0
1784703946.427257,81.8489761352539,1031,0.3217637836933136,2064,0.9996285438537598
1784703947.506616,81.88414764404297,947,0.29593315720558167,2064,1.0
1784703948.590233,81.82825469970703,949,0.2963506579399109,2064,1.0
1784703949.646476,82.82515716552734,1526,0.4696778357028961,2050,0.9931058883666992
1784703950.725462,83.55743408203125,1004,0.3138027489185333,2064,1.0
1784703951.798475,81.68411254882812,958,0.2992636561393738,2064,1.0
1784703952.8638122,81.69152069091797,1003,0.3003040552139282,2063,0.9811834096908569
1784703953.941161,81.79887390136719,955,0.29824259877204895,2064,1.0
1784703955.0111701,81.72140502929688,956,0.29878321290016174,2064,1.0
1784703956.070839,81.84209442138672,993,0.30938467383384705,2064,0.9998752474784851
1784703957.1198568,81.78726196289062,998,0.3118944764137268,2064,1.0
1784703958.197898,81.78713989257812,988,0.3085225224494934,2064,1.0
1784703959.2609248,81.50594329833984,1568,0.4829665720462799,2051,0.9551273584365845
1784703960.3255959,83.46906280517578,956,0.2986887991428375,2064,0.9973363280296326
1784703961.385172,81.70832061767578,949,0.2963719964027405,2064,0.9942829608917236
1784703962.4595132,81.65650177001953,962,0.2991524040699005,2063,0.9827398657798767
1784703963.522639,81.72689056396484,959,0.29963743686676025,2064,0.9963317513465881
1784703964.57793,81.78923797607422,960,0.2999233603477478,2064,0.9999955892562866
1784703965.629636,81.8050308227539,969,0.3017491102218628,2064,0.9924368858337402
1784703966.6947079,81.84819030761719,1029,0.3215332329273224,2064,0.9998472332954407
1784703967.758305,81.73699951171875,1017,0.3153066635131836,2063,0.9693006277084351
1784703968.836015,83.19064331054688,1506,0.46837323904037476,2063,0.9783488512039185
1784703969.915327,81.79470825195312,934,0.2916828393936157,2064,0.9951756596565247
1784703970.982962,81.63601684570312,951,0.2970035672187805,2064,0.9960886240005493
1784703972.035053,81.53650665283203,971,0.3014472424983978,2063,0.9681380987167358
1784703973.10189,81.6561508178711,953,0.29775840044021606,2064,0.9944695234298706
1784703974.169612,81.62914276123047,977,0.30211853981018066,2063,0.9683781266212463
1784703975.23601,81.69686126708984,956,0.2987036108970642,2064,0.9999794960021973
1784703976.301953,81.54637908935547,956,0.2986660599708557,2064,1.0
1784703977.370687,81.58844757080078,1329,0.41415947675704956,2063,0.982082724571228
1784703978.4289632,82.5483169555664,1234,0.3820144534111023,2063,0.9779381155967712
1784703979.482723,83.49242401123047,941,0.29384687542915344,2064,0.9959991574287415
1784703980.542719,81.57141876220703,972,0.2984098792076111,2063,0.9618967771530151
1784703981.606153,81.45407104492188,954,0.29798999428749084,2064,0.9952813386917114
1784703982.6629171,81.48585510253906,946,0.2956593632698059,2064,0.9952046871185303
1784703983.7346392,81.46338653564453,962,0.299040824174881,2063,0.971260130405426
1784703984.796437,81.42415618896484,948,0.29624372720718384,2064,0.9959004521369934
1784703985.8669472,81.45211791992188,954,0.29787421226501465,2064,0.9999918937683105
1784703986.943202,81.02909851074219,1541,0.4787931740283966,2064,0.973383367061615
1784703988.012125,83.03787231445312,1019,0.3184581398963928,2064,0.9999204277992249
1784703989.071872,81.32711029052734,938,0.2930675148963928,2064,0.9987431764602661
1784703990.1363251,81.38075256347656,959,0.2974924147129059,2063,0.975990891456604
1784703991.200696,81.42845153808594,943,0.29458168148994446,2064,0.9955528974533081
1784703992.260084,81.28897094726562,942,0.2943953275680542,2064,0.9952969551086426
1784703993.328853,81.2682113647461,953,0.29590123891830444,2063,0.9814983606338501
1784703994.382852,81.37484741210938,946,0.29570114612579346,2064,0.9981095194816589
1784703995.4543,81.3200912475586,999,0.31033220887184143,2063,0.9738675355911255
1784703996.516779,81.01599884033203,1529,0.4754536747932434,2064,0.9873079657554626
1784703997.593805,82.93696594238281,981,0.3062676191329956,2064,0.9995898604393005
1784703998.6513019,81.2643814086914,949,0.29644662141799927,2064,0.9981625080108643
1784703999.717212,81.3154296875,968,0.2985783815383911,2062,0.951858639717102
1784704000.7932658,81.32571411132812,938,0.2931094765663147,2064,0.9971970915794373
1784704001.8717382,81.19290924072266,950,0.29582372307777405,2063,0.9766625165939331
1784704002.932344,81.25619506835938,940,0.2935705780982971,2064,0.995873212814331
1784704004.005553,81.18711853027344,940,0.29366493225097656,2064,0.9960064888000488
1784704005.067072,81.17961120605469,1236,0.38110029697418213,2063,0.9697465300559998
1784704006.134963,82.71493530273438,1274,0.395490825176239,2064,0.9847729802131653
1784704007.1886752,81.3264389038086,938,0.29307276010513306,2064,0.9998220205307007
1784704008.252702,81.148193359375,1021,0.31466519832611084,2058,0.950212836265564
1784704009.325738,81.22602081298828,963,0.3009149432182312,2064,0.9963085651397705
1784704010.3852181,81.01056671142578,943,0.2946673035621643,2064,0.9896367192268372
1784704011.449753,81.2145767211914,989,0.29971984028816223,2062,0.938326358795166
1784704012.5134091,81.24372863769531,935,0.29197201132774353,2064,0.9948920011520386
1784704013.58395,81.05525207519531,939,0.2933480143547058,2064,0.9973325729370117
1784704014.645532,80.96183776855469,1418,0.43992459774017334,2063,0.964765727519989
1784704015.720139,83.00405883789062,1073,0.3322141766548157,2062,0.9818117618560791
1784704016.784557,81.0013656616211,942,0.2943456768989563,2064,0.9999938011169434
1784704017.845431,81.08576202392578,961,0.299826055765152,2064,0.9847553968429565
1784704018.894531,81.08076477050781,1003,0.31313028931617737,2064,0.9991575479507446
1784704019.9683158,80.99462127685547,936,0.29225805401802063,2064,0.9953913688659668
1784704021.037972,80.99620819091797,952,0.2961607873439789,2063,0.9665142297744751
1784704022.1195462,80.980712890625,938,0.2929341197013855,2064,0.9962140917778015
1784704023.199533,81.10127258300781,941,0.293746680021286,2064,0.9824424386024475
1784704024.271171,80.67959594726562,1558,0.48335736989974976,2062,0.9737442135810852
1784704025.3493938,82.70501708984375,919,0.28696343302726746,2064,0.9945083260536194
1784704026.413467,80.96881866455078,941,0.2937527894973755,2064,0.9979659914970398
1784704027.489845,81.00234985351562,951,0.29670190811157227,2064,0.9900010824203491
1784704028.5526688,80.97689819335938,951,0.297124981880188,2064,1.0
1784704029.616686,81.00716400146484,1006,0.3143965005874634,2064,0.9997868537902832
1784704030.685867,81.03643798828125,966,0.29675227403640747,2062,0.9593256711959839
1784704031.754282,81.0062255859375,942,0.29412487149238586,2064,0.9935755133628845
1784704032.806038,80.80305480957031,1079,0.33535036444664,2063,0.9756221771240234
1784704033.874858,82.4327163696289,1412,0.43892207741737366,2063,0.9793903827667236
1784704034.933135,80.76324462890625,929,0.29031163454055786,2064,0.9927376508712769
1784704036.0001018,80.77977752685547,940,0.2936731278896332,2064,0.9961507320404053
1784704037.054124,80.87814331054688,957,0.2977654039859772,2063,0.9803327322006226
1784704038.121042,80.82618713378906,948,0.2962877154350281,2064,0.9999889135360718
1784704039.191315,80.9385757446289,983,0.30587756633758545,2063,0.9747300744056702
1784704040.244672,80.99852752685547,997,0.31129181385040283,2064,0.9978044033050537
1784704041.321236,81.0610122680664,938,0.2932475805282593,2064,0.9971684813499451
1784704042.381214,80.95185852050781,1293,0.4024048447608948,2063,0.9705647230148315
1784704043.4414709,81.96392822265625,1193,0.3708869218826294,2063,0.9812917709350586
1784704044.50097,82.62755584716797,938,0.2930254340171814,2064,0.9954380989074707
1784704045.563722,80.79816436767578,960,0.2966929078102112,2063,0.9742313623428345
1784704046.632056,80.92928314208984,942,0.2941895127296448,2064,0.9978128671646118
1784704047.704234,80.8814697265625,947,0.2959357500076294,2064,0.9999613165855408
1784704048.766656,80.96819305419922,967,0.29987436532974243,2062,0.9769379496574402
1784704049.839799,80.91520690917969,948,0.296310156583786,2064,0.9999983906745911
1784704050.9043682,81.01066589355469,1016,0.31741273403167725,2064,0.9991654753684998
1784704051.9832718,80.53886413574219,1541,0.47335296869277954,2063,0.9498014450073242
1784704053.0485098,82.67981719970703,965,0.3015844225883484,2064,0.9965927600860596
1784704054.1302998,80.860107421875,944,0.29492247104644775,2064,0.9957481622695923
1784704055.208777,80.89244079589844,966,0.2990814447402954,2063,0.9678083062171936
1784704056.2692668,81.02400207519531,946,0.2954894006252289,2064,0.9945297241210938
1784704057.343005,81.05828094482422,951,0.2969791293144226,2064,0.9941973686218262
1784704058.4034612,81.0534896850586,964,0.3007117807865143,2063,0.9830410480499268
1784704059.476672,81.06653594970703,974,0.30432671308517456,2064,0.999830961227417
1784704060.5495071,81.0078125,1095,0.3338821530342102,2063,0.9513965845108032
1784704061.618647,80.87132263183594,1482,0.46191754937171936,2064,0.9886565208435059
1784704062.701691,80.87031555175781,930,0.29047757387161255,2064,0.9966166019439697
1784704063.753621,81.01589965820312,945,0.29504334926605225,2064,0.9946584105491638
1784704064.823987,81.01769256591797,972,0.30121973156929016,2063,0.9708462953567505
1784704065.900836,80.92912292480469,950,0.29668891429901123,2064,0.9965176582336426
1784704066.969905,80.96279907226562,962,0.29941996932029724,2061,0.9706822633743286
1784704068.036466,80.97207641601562,952,0.29738008975982666,2064,0.9999597668647766
1784704069.0954711,80.98892211914062,953,0.29760727286338806,2064,1.0
1784704070.171206,80.94104766845703,1317,0.4100804924964905,2064,0.9813477993011475
1784704071.2388952,82.4716796875,1280,0.3970212936401367,2063,0.979986310005188
1784704072.2942889,81.15235137939453,939,0.2932482659816742,2064,0.996914267539978
1784704073.357493,80.8599853515625,968,0.299066960811615,2063,0.9556810855865479
1784704074.4300659,80.95491027832031,953,0.2976609170436859,2064,0.9959777593612671
1784704075.490031,80.80272674560547,949,0.29643118381500244,2064,0.9957606196403503
1784704076.564916,80.91863250732422,962,0.29944393038749695,2063,0.9793428778648376
1784704077.621057,81.00253295898438,950,0.2969169616699219,2064,0.9943116903305054
1784704078.688134,80.9393081665039,956,0.29874902963638306,2064,0.9956778287887573
1784704079.742521,81.53019714355469,1558,0.48288440704345703,2063,0.9697850942611694
1784704080.814038,82.72704315185547,992,0.3099173903465271,2064,0.9999945163726807
1784704081.880634,80.83675384521484,1006,0.314148873090744,2064,0.9971838593482971
1784704082.949781,80.92430877685547,971,0.30151957273483276,2063,0.9602581262588501
1784704084.025119,80.90808868408203,948,0.2960212230682373,2064,0.9967039823532104
1784704085.06818,80.8394775390625,951,0.2971838116645813,2064,0.996731698513031
1784704086.147834,80.89292907714844,962,0.2994093894958496,2063,0.9784700870513916
1784704087.22217,80.81194305419922,953,0.29766958951950073,2064,0.9985077381134033
1784704088.282491,80.81532287597656,1056,0.32688671350479126,2063,0.9802018404006958
1784704089.356077,80.40258026123047,1462,0.45498883724212646,2063,0.9860495328903198
1784704090.4283671,82.63070678710938,944,0.2950287163257599,2064,0.999974250793457
1784704091.496806,80.80091094970703,985,0.30785176157951355,2064,0.9998105764389038
1784704092.564783,80.88365936279297,1001,0.31210801005363464,2063,0.9837923645973206
1784704093.6271439,80.87801361083984,948,0.2963128983974457,2064,0.9978930950164795
1784704094.692526,80.90151977539062,964,0.29958683252334595,2063,0.9785758852958679
1784704095.755795,80.92394256591797,953,0.29778724908828735,2064,0.9950921535491943
1784704096.808885,80.80712890625,953,0.2976916432380676,2064,0.9937263131141663
1784704097.865978,80.55838775634766,1337,0.4126758277416229,2063,0.958451509475708
1784704098.92493,82.62097930908203,1199,0.3716466426849365,2063,0.9790160655975342
1784704099.972801,80.69404602050781,957,0.29882627725601196,2064,0.9983184933662415
1784704101.0415082,80.71573638916016,976,0.30382364988327026,2064,0.9778457880020142
1784704102.116102,80.8498306274414,1027,0.3207336366176605,2064,0.9994020462036133
1784704103.185793,80.83859252929688,950,0.2969304621219635,2064,0.9952805638313293
1784704104.248209,80.75283813476562,974,0.3014848232269287,2063,0.9627100825309753
1784704105.310538,80.89474487304688,955,0.2982160151004791,2064,0.9889093041419983
1784704106.3933902,80.75940704345703,955,0.29812538623809814,2064,0.9965050220489502
1784704107.4632168,80.7030029296875,1563,0.4814132750034332,2063,0.964374303817749
1784704108.52755,82.38357543945312,951,0.2970307767391205,2064,0.9982563257217407
1784704109.607977,80.74162292480469,954,0.2981799840927124,2064,0.9953969717025757
1784704110.680355,80.7764892578125,986,0.30651941895484924,2064,0.9749505519866943
1784704111.74173,80.8039779663086,973,0.30392923951148987,2064,1.0
1784704112.8152618,80.78710174560547,957,0.29890793561935425,2064,0.999996542930603
1784704113.864219,80.99083709716797,1058,0.3272561728954315,2063,0.9625523686408997
1784704114.936186,80.96379089355469,949,0.29639846086502075,2064,0.9966420531272888
1784704116.0112681,80.81192779541016,1007,0.31293851137161255,2063,0.971986711025238
1784704117.081027,81.18803405761719,1527,0.4716346561908722,2063,0.9830299615859985
1784704118.1392682,82.73757934570312,931,0.2906462550163269,2064,0.9958046674728394
1784704119.2030132,80.65998077392578,954,0.2979167699813843,2064,0.9926658272743225
1784704120.278508,80.7377700805664,993,0.3056293725967407,2062,0.948922872543335
1784704121.3501818,80.89457702636719,962,0.30059105157852173,2064,0.9999814033508301
1784704122.419363,80.85084533691406,982,0.30497926473617554,2063,0.9668155908584595
1784704123.48702,80.8110580444336,1026,0.32066941261291504,2064,0.9977066516876221
1784704124.548008,81.01062774658203,950,0.29683661460876465,2064,0.9975600242614746
1784704125.6070101,80.86752319335938,1269,0.3902665376663208,2063,0.9581769108772278
1784704126.672605,82.52954864501953,1265,0.39247235655784607,2063,0.9775819778442383
1784704127.7449758,80.7516860961914,949,0.29650983214378357,2064,0.999740481376648
1784704128.811384,80.79150390625,979,0.3007041811943054,2060,0.9983699321746826
1784704129.871222,80.80814361572266,973,0.30393335223197937,2064,0.9991061687469482
1784704130.940892,80.7914047241211,957,0.2990286350250244,2064,0.9984525442123413
1784704132.013521,80.8732681274414,975,0.30296292901039124,2064,0.9736509919166565
1784704133.0672278,81.00023651123047,1028,0.3209678530693054,2064,0.9988369941711426
1784704134.1389031,80.9310531616211,948,0.2961863875389099,2064,0.9974985122680664
1784704135.208313,80.72643280029297,1447,0.44424086809158325,2063,0.9536948800086975
1784704136.281198,82.58391571044922,1071,0.3342565894126892,2064,0.9938787221908569
1784704137.356731,80.63894653320312,948,0.296051025390625,2064,0.9969180822372437
1784704138.432239,80.74064636230469,979,0.30222389101982117,2063,0.9594608545303345
1784704139.484042,80.83551025390625,953,0.29766517877578735,2064,0.9958559274673462
1784704140.551753,80.76657104492188,958,0.2993876039981842,2064,0.9933624267578125
1784704141.608869,80.76697540283203,993,0.30608412623405457,2063,0.9670920372009277
1784704142.6820118,80.82830047607422,989,0.3089052438735962,2064,0.999996542930603
1784704143.750209,80.84689331054688,1016,0.31327560544013977,2063,0.967714250087738
1784704144.807318,82.0501937866211,1578,0.4887184202671051,2063,0.9772040843963623
1784704145.86692,81.51896667480469,925,0.28894200921058655,2064,0.9952781200408936
1784704146.927132,80.62620544433594,951,0.29700392484664917,2064,0.9972448348999023
1784704147.9877608,80.7000503540039,967,0.301385760307312,2062,0.9712460041046143
1784704149.064894,80.69879150390625,953,0.2975550591945648,2064,0.9972506165504456
1784704150.137547,80.82320404052734,970,0.3008002042770386,2063,0.9727418422698975
1784704151.199928,80.86128997802734,959,0.29965147376060486,2064,0.9969487190246582
1784704152.278302,80.84716033935547,961,0.30026865005493164,2064,0.9999762773513794
1784704153.344034,80.8693618774414,1232,0.38458991050720215,2063,0.9830692410469055
1784704154.402943,80.2800064086914,1357,0.4179447591304779,2063,0.967921257019043
1784704155.4799628,82.68402099609375,941,0.29396942257881165,2064,0.9965820908546448
1784704156.554157,80.62434387207031,962,0.29699233174324036,2063,0.9650788307189941
1784704157.6089878,80.81550598144531,965,0.3014254570007324,2064,0.990595817565918
1784704158.668702,80.7200698852539,952,0.29730015993118286,2064,0.9971778988838196
1784704159.7310662,80.80400085449219,976,0.3007447421550751,2063,0.9672074317932129
1784704160.7949529,80.67252349853516,955,0.2984226644039154,2064,0.997337818145752
1784704161.855971,80.76385498046875,960,0.2998841404914856,2064,0.9999527335166931
1784704162.927086,80.3032455444336,1493,0.4637143313884735,2063,0.9647144079208374
1784704163.996099,82.46304321289062,1094,0.3417910039424896,2064,0.997230052947998
1784704165.0629172,80.5133285522461,947,0.29577142000198364,2064,0.9950429201126099
1784704166.1295412,80.54805755615234,982,0.30162617564201355,2063,0.9589866399765015
1784704167.1965928,80.8003921508789,949,0.29647159576416016,2064,0.9985678195953369
1784704168.251075,80.81684112548828,951,0.2971886694431305,2064,0.9988745450973511
1784704169.300663,80.82880401611328,962,0.29957127571105957,2063,0.9797157049179077
1784704170.37434,80.69013977050781,954,0.29806432127952576,2064,0.9942003488540649
1784704171.438148,80.75381469726562,990,0.30890700221061707,2064,0.9885396957397461
1784704172.5005178,80.4634017944336,1556,0.4841372072696686,2064,0.9837555885314941
1784704173.571504,82.38984680175781,959,0.29942959547042847,2064,0.9999939799308777
1784704174.635252,80.66119384765625,992,0.3097740411758423,2064,0.9969176054000854
1784704175.7105532,80.91517639160156,982,0.30295079946517944,2062,0.9523093104362488
1784704176.773,80.7522964477539,951,0.29709064960479736,2064,0.9942538738250732
1784704177.854131,80.72041320800781,968,0.29556047916412354,2063,0.955988883972168
1784704178.910074,80.8778305053711,969,0.30273348093032837,2064,0.9963014125823975
1784704179.9677892,80.81221771240234,953,0.2976617217063904,2064,0.9958455562591553
1784704181.0447428,80.71377563476562,1255,0.3872433602809906,2063,0.9600462317466736
1784704182.118578,82.36383056640625,1275,0.39523670077323914,2063,0.9725567102432251
1784704183.191792,80.81341552734375,951,0.29703080654144287,2064,0.9998050928115845
1784704184.269603,80.56981658935547,996,0.3085682690143585,2063,0.9706790447235107
1784704185.349843,80.74644470214844,1006,0.3143218457698822,2064,0.9976170659065247
1784704186.410298,80.74223327636719,951,0.2971339821815491,2064,0.9893539547920227
1784704187.4705222,80.7279052734375,975,0.30113181471824646,2062,0.9711719155311584
1784704188.5589728,80.71560668945312,949,0.2964242994785309,2064,0.9959155917167664
1784704189.6353931,80.67460632324219,952,0.29746297001838684,2064,0.997286319732666
1784704190.691657,81.56756591796875,1551,0.47678300738334656,2063,0.9432835578918457
1784704191.7628832,82.5482406616211,989,0.3088779151439667,2064,0.9961811900138855
1784704192.836451,80.67537689208984,954,0.29807594418525696,2064,0.9987627863883972
1784704193.915445,80.71842956542969,971,0.3024413585662842,2064,0.9819031953811646
1784704195.005964,80.7359848022461,1023,0.3194805979728699,2064,0.9999459385871887
1784704196.069945,80.6511459350586,950,0.2969648838043213,2064,0.992805004119873
1784704197.137578,80.74158477783203,978,0.3012232184410095,2063,0.9566258788108826
1784704198.19896,80.64546966552734,949,0.2965760827064514,2064,0.9963029026985168
1784704199.266596,80.60328674316406,1038,0.31990504264831543,2062,0.9725563526153564
1784704200.327987,80.14796447753906,1503,0.46606016159057617,2063,0.9751236438751221
1784704201.389775,82.54845428466797,933,0.29139578342437744,2064,0.9943529367446899
1784704202.460734,80.53814697265625,953,0.29783421754837036,2064,0.9941100478172302
1784704203.51707,80.58296203613281,970,0.30209141969680786,2063,0.9806355237960815
1784704204.5929239,80.69438934326172,990,0.30926620960235596,2064,0.999981164932251
1784704205.676424,80.74239349365234,1002,0.31146419048309326,2063,0.964709460735321
1784704206.746575,80.7197265625,948,0.2960290312767029,2064,0.996323823928833
1784704207.8095849,80.66551208496094,948,0.2962450683116913,2064,0.999642550945282
1784704208.871763,80.41120147705078,1284,0.3979841470718384,2063,0.9660579562187195
1784704209.940758,82.48688507080078,1231,0.38107776641845703,2063,0.9797062277793884
1784704211.006109,80.59625244140625,941,0.29390817880630493,2064,0.9947341680526733
1784704212.059435,80.6749496459961,967,0.2979339361190796,2063,0.9690358638763428
1784704213.129697,80.67681884765625,952,0.29726147651672363,2064,0.9991245269775391
1784704214.207809,80.66504669189453,949,0.29638731479644775,2064,0.9995657205581665
1784704215.2606232,80.6668472290039,1011,0.3153551518917084,2064,0.9929255247116089
1784704216.313974,80.7497329711914,955,0.29844024777412415,2064,0.9965463280677795
1784704217.3803751,80.52547454833984,937,0.29273325204849243,2064,0.997204065322876
1784704218.443437,80.51446533203125,1501,0.4617277979850769,2063,0.9428956508636475
1784704219.516672,82.1254653930664,998,0.3117706775665283,2064,0.9956156611442566
1784704220.589395,80.78764343261719,936,0.29247140884399414,2064,0.9964292645454407
1784704221.652132,80.72054290771484,956,0.29450976848602295,2063,0.9734116196632385
1784704222.730588,80.58287811279297,933,0.29161834716796875,2064,0.9966756701469421
1784704223.798134,80.48499298095703,943,0.29454755783081055,2064,0.9999866485595703
1784704224.872826,80.5480728149414,965,0.30097872018814087,2064,0.9853084087371826
1784704225.943427,80.61471557617188,990,0.3092157244682312,2064,0.9988769292831421
1784704227.010763,80.56816101074219,956,0.29572489857673645,2062,0.9653277397155762
1784704228.086001,80.10432434082031,1557,0.47941505908966064,2062,0.9759606719017029
1784704229.159316,82.3930435180664,900,0.2812090516090393,2064,0.9973170161247253
1784704230.217474,80.47683715820312,926,0.2893334627151489,2064,0.9945764541625977
1784704231.276883,80.51850891113281,946,0.2938880920410156,2063,0.9621730446815491
1784704232.323201,80.4925308227539,929,0.29026079177856445,2064,0.9957033395767212
1784704233.404371,80.44392395019531,935,0.2911126911640167,2063,0.9782798290252686
1784704234.455822,80.4926986694336,939,0.2932749092578888,2064,0.9998137354850769
1784704235.5132318,80.42814636230469,956,0.29847264289855957,2064,0.9999936819076538
1784704236.590485,80.37991333007812,1105,0.3435850143432617,2063,0.9722732305526733
1784704237.646419,81.96366882324219,1405,0.4342292249202728,2063,0.9740031361579895
1784704238.7187011,80.15594482421875,909,0.28395020961761475,2064,0.9936754107475281
1784704239.793664,80.24381256103516,919,0.2870801091194153,2064,0.9934986233711243
1784704240.8625212,80.37421417236328,939,0.2905060648918152,2063,0.9680655598640442
1784704241.9306371,80.28958129882812,919,0.28698453307151794,2064,0.9947109222412109
1784704242.986073,80.3082504272461,939,0.29024168848991394,2063,0.9703349471092224
1784704244.0440261,80.37979888916016,925,0.28897517919540405,2064,0.9966403245925903
1784704245.1045172,80.41424560546875,922,0.28804782032966614,2064,0.9999768137931824
1784704246.171016,80.3427963256836,1229,0.38371938467025757,2064,0.990398645401001
1784704247.2493281,81.63480377197266,1260,0.38968658447265625,2063,0.9809010028839111
1784704248.324497,81.1244888305664,905,0.2828131318092346,2064,0.9998730421066284
1784704249.387734,80.2337875366211,931,0.28810980916023254,2063,0.9651684165000916
1784704250.457043,80.48682403564453,918,0.28673404455184937,2064,0.9965552687644958
1784704251.520749,80.27682495117188,915,0.28569281101226807,2064,0.9960544109344482
1784704252.591946,80.18750762939453,922,0.2868203818798065,2064,0.9999042749404907
1784704253.669106,80.20854187011719,918,0.2867705523967743,2064,1.0
1784704254.734236,80.16527557373047,914,0.285608172416687,2064,1.0
1784704255.8042738,79.81119537353516,1344,0.41874656081199646,2064,1.0
1784704256.870616,81.80953979492188,1182,0.3662862181663513,2064,0.9999983310699463
1784704257.927904,80.05748748779297,971,0.3034244477748871,2064,1.0
1784704259.002859,80.0093765258789,919,0.2859591841697693,2057,0.9874072074890137
1784704260.0685272,80.13897705078125,906,0.28317034244537354,2064,1.0
1784704261.138283,80.13187408447266,908,0.2836354374885559,2064,0.9999953508377075
1784704262.204743,80.23234558105469,920,0.2857745289802551,2061,0.9814414978027344
1784704263.2745879,80.14849853515625,917,0.2866227626800537,2064,1.0
1784704264.3423061,80.09405517578125,926,0.2894309163093567,2064,0.9999957084655762
1784704265.421605,80.12174987792969,1215,0.3775615096092224,2061,0.9904425144195557
1784704266.484876,79.56330108642578,1253,0.38675159215927124,2064,0.9825823903083801
1784704267.5537128,81.62678527832031,952,0.2975132465362549,2064,0.9999986290931702
1784704268.6031091,79.99817657470703,901,0.28138136863708496,2064,0.9909481406211853
1784704269.651851,80.31177520751953,954,0.286548376083374,2061,0.9447852373123169
1784704270.704224,79.99378204345703,899,0.2809765040874481,2064,0.9957175850868225
1784704271.7669382,80.03350830078125,917,0.2838892340660095,2062,0.9746363759040833
1784704272.8296351,80.00487518310547,900,0.2813153564929962,2064,0.9955222606658936
1784704273.904076,79.98052215576172,903,0.2820602059364319,2064,0.9943585991859436
1784704274.978487,79.87493896484375,1240,0.38543701171875,2063,0.9775335788726807
1784704276.061903,81.54742431640625,1184,0.36628228425979614,2064,0.979239821434021
1784704277.147389,79.85449981689453,944,0.29476678371429443,2064,0.9998208284378052
1784704278.2227368,80.02977752685547,939,0.2891461253166199,2061,0.9514877796173096
1784704279.289205,80.04090881347656,908,0.2837938666343689,2064,0.9974358081817627
1784704280.3607192,79.87963104248047,901,0.281379371881485,2064,0.99422287940979
1784704281.4308102,80.00984191894531,912,0.2828519940376282,2063,0.975375771522522
1784704282.488321,79.99695587158203,899,0.2808709740638733,2064,0.9917885065078735
1784704283.5634282,79.92155456542969,897,0.280226469039917,2064,0.9950628280639648
1784704284.621921,79.93810272216797,1349,0.4178285598754883,2063,0.9662735462188721
1784704285.719529,81.60743713378906,1062,0.3295971751213074,2064,0.9886305928230286
1784704286.7741818,79.83863067626953,899,0.28078436851501465,2064,0.999994695186615
1784704287.8424802,79.75410461425781,954,0.29737618565559387,2063,0.9877240061759949
1784704288.890454,79.99752044677734,916,0.2861480712890625,2064,0.9999793767929077
1784704289.9668539,79.83474731445312,894,0.2793574929237366,2064,0.9976427555084229
1784704291.036742,79.82431030273438,913,0.282331645488739,2063,0.9679766297340393
1784704292.1114838,79.82429504394531,894,0.2792932987213135,2064,0.9961498379707336
1784704293.18509,79.82614135742188,894,0.2793876826763153,2064,0.9952974915504456
1784704294.246149,79.66163635253906,1432,0.4393478035926819,2062,0.9580308198928833
1784704295.316025,81.2501449584961,979,0.3056320548057556,2064,0.9944064617156982
1784704296.385737,79.63365936279297,900,0.28126072883605957,2064,0.9972373843193054
1784704297.460119,79.75109100341797,907,0.28270626068115234,2064,0.9877417087554932
1784704298.51483,79.76472473144531,963,0.3007386028766632,2064,0.9992660284042358
1784704299.597093,79.78839874267578,899,0.28077512979507446,2064,0.9930950999259949
1784704300.686993,79.71292114257812,909,0.28215014934539795,2062,0.9642575979232788
1784704301.735598,79.61017608642578,894,0.27947700023651123,2064,0.9905543923377991
1784704302.79426,79.6454849243164,893,0.27910810708999634,2064,0.9933115839958191
1784704303.8616781,79.1849594116211,1485,0.45993396639823914,2063,0.9652494192123413
1784704304.946133,81.3094253540039,906,0.28291594982147217,2064,0.9960325360298157
1784704305.999879,79.65125274658203,890,0.2781556248664856,2064,0.9931469559669495
1784704307.057332,79.70086669921875,909,0.28397998213768005,2064,0.9793175458908081
1784704308.099203,79.77456665039062,895,0.27962809801101685,2064,1.0
1784704309.16639,79.7440185546875,960,0.29993924498558044,2064,0.9999983310699463
1784704310.219077,79.7361068725586,924,0.2840452194213867,2063,0.9573891162872314
1784704311.288034,79.87720489501953,889,0.27770283818244934,2064,0.9970808625221252
1784704312.358146,79.6809310913086,889,0.27776145935058594,2064,0.9957618117332458
1784704313.422336,79.61743927001953,1488,0.4618253707885742,2063,0.9667571187019348
1784704314.4974551,81.0630874633789,894,0.2792253792285919,2064,0.9945903420448303
1784704315.560799,79.45255279541016,889,0.2778007686138153,2064,0.9966258406639099
1784704316.607908,79.58101654052734,902,0.2801205515861511,2063,0.9796512722969055
1784704317.685823,79.56178283691406,897,0.2802048325538635,2064,0.9999873042106628
1784704318.738534,79.55442810058594,900,0.281047523021698,2064,0.999989926815033
1784704319.799909,79.63671112060547,974,0.3039940297603607,2063,0.9857803583145142
1784704320.865111,79.64899444580078,897,0.2803631126880646,2064,0.9994314312934875
1784704321.927901,79.58296203613281,887,0.277052104473114,2064,0.9943515658378601
1784704323.002101,79.23503112792969,1489,0.459236741065979,2063,0.9578198194503784
1784704324.064239,81.10421752929688,901,0.2815391421318054,2064,0.9917185306549072
1784704325.124854,79.30535888671875,887,0.2769817113876343,2064,0.9947980642318726
1784704326.186997,79.4382095336914,903,0.281019926071167,2063,0.9725226163864136
1784704327.228082,79.56343841552734,888,0.2775161862373352,2064,0.9982581734657288
1784704328.295446,79.56159973144531,894,0.2794000506401062,2064,1.0
1784704329.372729,79.4798812866211,899,0.2805914282798767,2064,0.9905677437782288
1784704330.451166,79.53822326660156,932,0.29119962453842163,2064,0.9996771812438965
1784704331.510231,79.57037353515625,918,0.2868904769420624,2064,0.9963280558586121
1784704332.570109,79.40515899658203,1510,0.46313410997390747,2062,0.9492092728614807
1784704333.626909,80.66365814208984,895,0.27950549125671387,2064,0.9954394102096558
1784704334.7014909,79.18949890136719,886,0.2768263816833496,2064,0.9960535764694214
1784704335.768557,79.40135192871094,905,0.28049275279045105,2063,0.9742870330810547
1784704336.831081,79.41393280029297,889,0.27784761786460876,2064,0.9967924356460571
1784704337.920935,79.373779296875,894,0.2794303596019745,2064,0.9980989694595337
1784704338.978697,79.53982543945312,908,0.28222981095314026,2063,0.979321300983429
1784704340.0553,79.47586059570312,953,0.29772621393203735,2064,0.9995501637458801
1784704341.12496,79.5020523071289,900,0.28109410405158997,2064,0.9943133592605591
1784704342.187714,79.08747863769531,1532,0.47201934456825256,2063,0.9569656252861023
1784704343.268071,80.97538757324219,883,0.27581650018692017,2064,0.9918336868286133
1784704344.3373902,79.386962890625,889,0.2779088020324707,2064,0.9973362684249878
1784704345.401951,79.26359558105469,910,0.28249794244766235,2063,0.9681170582771301
1784704346.464171,79.35540771484375,891,0.2782204747200012,2064,0.9972902536392212
1784704347.552192,79.42980194091797,890,0.27793335914611816,2064,0.9979144334793091
1784704348.613845,79.34539031982422,906,0.28176504373550415,2063,0.9821500182151794
1784704349.6780212,79.40620422363281,896,0.28006061911582947,2064,0.9998697638511658
1784704350.7410529,79.41948699951172,957,0.2991127669811249,2064,0.9992160201072693
1784704351.802379,79.24534606933594,1526,0.4697856903076172,2062,0.9402873516082764
1784704352.8655412,81.08993530273438,884,0.27617746591567993,2064,0.9947568774223328
1784704353.9342752,79.13008117675781,884,0.2763456404209137,2064,0.9972267746925354
1784704355.0061288,79.35655212402344,909,0.280654639005661,2063,0.9651217460632324
1784704356.0699499,79.3313980102539,889,0.2777048647403717,2064,0.9935884475708008
1784704357.1508448,79.3677749633789,888,0.27758005261421204,2064,0.9936541318893433
1784704358.207186,79.27648162841797,901,0.2808351218700409,2063,0.9746465086936951
1784704359.2899761,79.34237670898438,894,0.2793319523334503,2064,0.9999919533729553
1784704360.3452039,79.39009857177734,893,0.2788476347923279,2064,0.9999803304672241
1784704361.417185,79.05146789550781,1579,0.4871909022331238,2062,0.9632189869880676
1784704362.475446,81.01299285888672,871,0.27221378684043884,2064,0.9941843152046204
1784704363.535479,79.17181396484375,886,0.2769601047039032,2064,0.9935016632080078
1784704364.595608,79.1983871459961,895,0.27873238921165466,2063,0.9787999987602234
1784704365.67194,79.3086929321289,890,0.27822673320770264,2064,0.9952423572540283
1784704366.7392929,79.219482421875,890,0.2779352068901062,2064,0.9952180981636047
1784704367.8091002,79.31095886230469,901,0.2803005576133728,2063,0.9838244915008545
1784704368.8639722,79.31497192382812,895,0.2796514630317688,2064,0.9972044825553894
1784704369.941534,79.3556900024414,903,0.28109633922576904,2063,0.9792386889457703
1784704371.0076091,79.0049057006836,1558,0.48500436544418335,2063,0.9806965589523315
1784704372.078702,80.8411636352539,898,0.28054389357566833,2064,0.996607780456543
1784704373.145136,79.27925109863281,886,0.2769201099872589,2064,0.9964149594306946
1784704374.2211761,79.31237030029297,935,0.28284892439842224,2060,0.9395955801010132
1784704375.275404,79.63851928710938,887,0.2770247459411621,2064,0.9965050220489502
1784704376.343161,79.2557601928711,889,0.277729332447052,2064,0.996694803237915
1784704377.419192,79.35352325439453,904,0.2807510495185852,2063,0.974224865436554
1784704378.4823291,79.265380859375,889,0.277828574180603,2064,0.9935793280601501
1784704379.547837,79.28529357910156,916,0.28534606099128723,2064,0.9752026796340942
1784704380.620259,79.14600372314453,1514,0.47034838795661926,2064,0.9843292236328125
1784704381.681785,79.18179321289062,941,0.2939337491989136,2064,0.9987381100654602
1784704382.765789,79.25923156738281,886,0.2768072485923767,2064,0.9965983033180237
1784704383.8350022,79.27167510986328,903,0.28064996004104614,2057,0.9794895052909851
1784704384.901002,79.37152099609375,889,0.27785930037498474,2064,0.9962674379348755
1784704385.9770749,79.1906967163086,891,0.2783306837081909,2064,0.9945094585418701
1784704387.039786,79.27046966552734,909,0.2810254395008087,2063,0.9731544852256775
1784704388.104116,79.29843139648438,894,0.27939343452453613,2064,0.9999328851699829
1784704389.176852,79.25244903564453,934,0.29043763875961304,2062,0.9935895204544067
1784704390.255924,78.96742248535156,1480,0.46160340309143066,2064,0.9937600493431091
1784704391.323843,80.94246673583984,876,0.27356579899787903,2064,0.9997234344482422
1784704392.4025111,79.13053131103516,957,0.2990875244140625,2064,0.9996950030326843
1784704393.466482,79.2068862915039,909,0.2828320264816284,2063,0.9699815511703491
1784704394.548203,79.24420166015625,888,0.27751410007476807,2064,0.9972525835037231
1784704395.608083,79.2179946899414,892,0.2786236107349396,2064,0.9927586317062378
1784704396.699004,79.28346252441406,906,0.28052517771720886,2063,0.9729421138763428
1784704397.763475,79.20321655273438,895,0.2794812321662903,2064,0.9954900741577148
1784704398.832729,79.14453887939453,998,0.3098279535770416,2063,0.9773050546646118
1784704399.883552,80.57400512695312,1412,0.4389662742614746,2064,0.980672299861908
1784704400.9498088,79.20948028564453,887,0.27702659368515015,2064,0.9999902844429016
1784704402.016374,79.08305358886719,899,0.2808975577354431,2064,0.9999722242355347
1784704403.104918,79.33212280273438,980,0.30455005168914795,2063,0.9781907796859741
1784704404.176564,79.28178405761719,893,0.27892443537712097,2064,0.9969000220298767
1784704405.249131,79.26057434082031,901,0.2805122435092926,2063,0.9764084219932556
1784704406.3060732,79.25674438476562,898,0.28048422932624817,2064,0.9958192110061646
1784704407.372897,79.20841979980469,896,0.279979407787323,2064,0.9980288147926331
1784704408.4426281,79.20474243164062,1065,0.33154675364494324,2063,0.9821897149085999
1784704409.522551,78.88463592529297,1326,0.4119391441345215,2064,0.9849075675010681
1784704410.580541,80.78539276123047,890,0.2780078947544098,2064,0.9972313642501831
1784704411.629778,79.16597747802734,904,0.28239887952804565,2064,0.9999573230743408
1784704412.710735,79.30473327636719,982,0.30526429414749146,2064,0.9802649021148682
1784704413.774327,79.29281616210938,900,0.2810860872268677,2064,0.9976090788841248
1784704414.831871,79.27389526367188,923,0.28016534447669983,2062,0.9460452795028687
1784704415.8892128,79.40095520019531,915,0.28588414192199707,2064,0.9960558414459229
1784704416.961688,79.23394775390625,896,0.27993372082710266,2064,0.9936959743499756
1784704418.030855,79.18363952636719,1114,0.34609463810920715,2062,0.9597979784011841
1784704419.0806,80.5204086303711,1291,0.4015316665172577,2064,0.9835450649261475
1784704420.141218,79.31411743164062,887,0.27700740098953247,2064,0.9956775903701782
1784704421.193943,79.0673599243164,901,0.2815992832183838,2064,0.9992619156837463
1784704422.255519,79.18244934082031,909,0.2835661470890045,2064,0.9885153770446777
1784704423.324241,79.1448974609375,967,0.3021640479564667,2064,0.9988070726394653
1784704424.38851,79.26293182373047,909,0.282764196395874,2063,0.9747949838638306
1784704425.459596,79.21965789794922,895,0.27952373027801514,2064,0.9948501586914062
1784704426.529898,79.25508117675781,894,0.279456228017807,2064,0.9956444501876831
1784704427.5952861,79.30923461914062,1153,0.35854923725128174,2063,0.9781203269958496
1784704428.6460218,80.817138671875,1255,0.3883095979690552,2063,0.9767881035804749
1784704429.710778,79.04192352294922,893,0.27886924147605896,2064,0.9920245409011841
1784704430.787741,79.01622772216797,899,0.28043025732040405,2063,0.9821119904518127
1784704431.849632,79.25863647460938,922,0.2859680652618408,2063,0.9871099591255188
1784704432.907694,79.20067596435547,903,0.28211909532546997,2064,0.9999929666519165
1784704433.98912,79.24920654296875,992,0.30663299560546875,2063,0.9610913395881653
1784704435.047437,79.27037811279297,901,0.28139758110046387,2064,0.9960262775421143
1784704436.1102169,79.16175079345703,895,0.27949580550193787,2064,0.9965251088142395
1784704437.180048,79.18788146972656,1202,0.37263059616088867,2063,0.9667806625366211
1784704438.250497,80.3006820678711,1210,0.37329572439193726,2063,0.9733034372329712
1784704439.330296,79.77498626708984,892,0.2785074710845947,2064,0.9963269233703613
1784704440.3905249,78.98274230957031,912,0.28127792477607727,2063,0.9648890495300293
1784704441.443525,79.1691665649414,908,0.2835192382335663,2064,0.9968317747116089
1784704442.519783,79.14706420898438,906,0.28305351734161377,2064,0.9999899864196777
1784704443.5940108,79.18336486816406,932,0.29082614183425903,2064,0.9887800216674805
1784704444.642752,79.23348999023438,949,0.29653942584991455,2064,0.9997035264968872
1784704445.7089012,79.29653930664062,895,0.27965015172958374,2064,0.9942787289619446
1784704446.787391,78.97708892822266,1276,0.39702436327934265,2063,0.9643051624298096
1784704447.855316,80.85584259033203,1138,0.3499245345592499,2060,0.9759818315505981
1784704448.915158,79.12185668945312,893,0.2788633406162262,2064,0.996309757232666
1784704450.0118132,79.14498901367188,932,0.28478023409843445,2063,0.9992929697036743
1784704451.081388,79.35633850097656,910,0.28417208790779114,2064,0.9999374151229858
1784704452.156935,79.2448501586914,900,0.28125452995300293,2064,0.9994848370552063
1784704453.239479,79.20846557617188,924,0.2862703204154968,2063,0.9710404872894287
1784704454.310094,79.25757598876953,972,0.30353546142578125,2064,0.9989571571350098
1784704455.36658,79.30802154541016,896,0.27992063760757446,2064,0.9969648718833923
1784704456.4344761,79.2689437866211,1297,0.4032558798789978,2063,0.978387713432312
1784704457.5048,80.15697479248047,1106,0.34284988045692444,2063,0.9803109169006348
1784704458.5750349,80.7862319946289,900,0.28107017278671265,2064,0.9916232228279114
1784704459.640013,79.35369110107422,916,0.28388842940330505,2063,0.9723737239837646
1784704460.695498,79.24989318847656,905,0.2826058566570282,2064,0.9920679926872253
1784704461.772448,79.3292465209961,903,0.2819688320159912,2064,0.9954954385757446
1784704462.848459,79.3980941772461,916,0.285139262676239,2063,0.9779148101806641
1784704463.898998,79.28448486328125,909,0.2840505838394165,2064,0.9999918937683105
1784704464.966756,79.29293060302734,927,0.28956353664398193,2064,0.9999980926513672
1784704466.0259159,78.9712142944336,1429,0.4456970989704132,2063,0.9784592390060425
1784704467.0985658,80.86396789550781,1074,0.32830071449279785,2063,0.9648936986923218
1784704468.1666791,79.09567260742188,906,0.28303074836730957,2064,1.0
1784704469.231881,79.17315673828125,938,0.288115918636322,2061,0.9477676749229431
1784704470.294274,79.37936401367188,898,0.28064092993736267,2064,0.9955477714538574
1784704471.360161,79.27337646484375,902,0.28172358870506287,2064,0.9950110912322998
1784704472.43138,79.30744934082031,915,0.28468507528305054,2063,0.9780877232551575
1784704473.5074098,79.34119415283203,908,0.28366619348526,2064,0.9978348016738892
1784704474.572165,79.25150299072266,912,0.2848709523677826,2064,0.9999914765357971
1784704475.627182,79.1008529663086,1417,0.4425189793109894,2064,0.9818856120109558
1784704476.69796,81.00447082519531,1078,0.33361005783081055,2063,0.9750953316688538
1784704477.747597,79.11083221435547,900,0.28094834089279175,2064,0.996738076210022
1784704478.817733,79.11187744140625,911,0.28363072872161865,2063,0.9817039370536804
1784704479.883151,79.16101837158203,906,0.2829306125640869,2064,0.9922870993614197
1784704480.9609652,79.21817779541016,904,0.28232401609420776,2064,0.9959664344787598
1784704482.004468,79.27169036865234,923,0.28681379556655884,2063,0.9673564434051514
1784704483.076502,79.15693664550781,905,0.2829587161540985,2064,0.9960704445838928
1784704484.140435,79.28174591064453,909,0.284030556678772,2064,0.9969319105148315
1784704485.1947598,79.09724426269531,1514,0.46758681535720825,2063,0.9630422592163086
1784704486.25539,80.80860137939453,997,0.31143444776535034,2064,0.9994827508926392
1784704487.324982,79.17398071289062,916,0.28593143820762634,2064,0.9994637370109558
1784704488.386726,79.15704345703125,925,0.286641925573349,2063,0.9683393836021423
1784704489.453203,79.23617553710938,904,0.2823289632797241,2064,0.996698796749115
1784704490.512172,79.1457290649414,918,0.28668662905693054,2064,0.9986939430236816
1784704491.575247,79.16978454589844,924,0.2876858711242676,2063,0.9802476763725281
1784704492.639251,79.27814483642578,907,0.28343600034713745,2064,0.9956461787223816
1784704493.708601,79.28658294677734,906,0.28300148248672485,2064,0.9955137968063354
1784704494.762479,79.38982391357422,1536,0.47472578287124634,2059,0.9613773226737976
1784704495.8217978,80.89016723632812,917,0.2865239679813385,2064,0.9999872446060181
1784704496.889769,79.18537902832031,979,0.3057911992073059,2064,0.999487042427063
1784704497.9599528,79.2684097290039,920,0.28598594665527344,2063,0.9703304767608643
1784704499.0256598,79.26193237304688,906,0.28298887610435486,2064,0.9944038391113281
1784704500.109366,79.25890350341797,1046,0.32672736048698425,2064,0.99860680103302
1784704501.167854,79.74330139160156,890,0.27507254481315613,2057,0.9738216400146484
1784704502.242068,79.63648223876953,830,0.25924059748649597,2064,0.9997816681861877
1784704503.324866,79.48417663574219,828,0.24763332307338715,2064,0.9991260766983032
1784704504.418568,79.19894409179688,1070,0.32392334938049316,2063,0.985490083694458
1784704505.491843,78.69889068603516,1061,0.31842726469039917,2064,0.9871902465820312
1784704506.571145,79.9630355834961,828,0.20765742659568787,2064,1.0
1784704507.6639738,78.61676025390625,828,0.20667237043380737,2064,1.0
1784704508.736948,78.78546905517578,828,0.20896312594413757,2061,0.9727177023887634
1784704509.8324249,78.69381713867188,828,0.2029082030057907,2064,1.0
1784704510.921987,78.6651382446289,776,0.19644206762313843,2064,1.0
1784704512.011659,78.52185821533203,776,0.21281467378139496,2061,0.9596728086471558
1784704513.1104288,78.67611694335938,724,0.20863370597362518,2064,1.0
1784704514.195931,78.7224349975586,672,0.19794245064258575,2064,1.0
1784704515.265496,78.54658508300781,621,0.19336408376693726,2064,0.9976540803909302
1784704516.3528042,78.33981323242188,1339,0.4110565781593323,2064,0.9687336087226868
1784704517.445706,79.56769561767578,686,0.20140042901039124,2064,1.0
1784704518.5249522,78.5142593383789,621,0.18920955061912537,2064,1.0
1784704519.629795,78.45523834228516,621,0.18960726261138916,2064,1.0
1784704520.7093801,78.49176788330078,781,0.20320403575897217,2049,0.9541343450546265
1784704521.794691,78.34698486328125,672,0.18987101316452026,2064,1.0
1784704522.892842,78.41646575927734,621,0.18913862109184265,2064,1.0
1784704523.982188,78.4161148071289,776,0.20661990344524384,2041,0.9493109583854675
1784704525.086071,78.56585693359375,724,0.20424653589725494,2064,1.0
1784704526.163747,78.48687744140625,672,0.19069644808769226,2064,1.0
1784704527.226878,78.35990905761719,692,0.20550815761089325,2064,0.9797813296318054
1784704528.3073301,78.1998291015625,1251,0.3815149664878845,2064,0.9877830743789673
1784704529.39117,79.03665161132812,621,0.18392503261566162,2064,1.0
1784704530.4760032,78.16409301757812,621,0.18448925018310547,2064,1.0
1784704531.5337229,78.19927215576172,672,0.1868642270565033,2064,0.9934457540512085
1784704532.606455,78.30354309082031,621,0.1888597309589386,2063,0.9829486608505249
1784704533.6783009,78.29936218261719,621,0.18678265810012817,2064,1.0
1784704534.77506,78.28429412841797,621,0.18605419993400574,2064,1.0
1784704535.8740768,78.37762451171875,621,0.1885155439376831,2064,0.9958759546279907
1784704536.951478,78.32274627685547,672,0.18734285235404968,2064,1.0
1784704538.0438058,78.3792495727539,621,0.1876755952835083,2064,1.0
1784704539.119991,78.28521728515625,779,0.22407808899879456,2060,0.9805392622947693
1784704540.206416,78.04192352294922,1245,0.37514254450798035,2063,0.9929274320602417
1784704541.2995431,79.19364929199219,672,0.18147778511047363,2064,1.0
1784704542.4036438,78.24756622314453,621,0.1848284900188446,2064,1.0
1784704543.479632,78.24456024169922,621,0.18307876586914062,2064,0.9814247488975525
1784704544.57456,78.27455139160156,621,0.18654508888721466,2064,1.0
1784704545.665123,78.29084014892578,621,0.18207016587257385,2064,1.0
1784704546.759228,78.23064422607422,672,0.18202614784240723,2064,1.0
1784704547.824192,78.40341186523438,724,0.19747674465179443,2045,0.9698106050491333
1784704548.909651,78.34021759033203,621,0.1824057251214981,2064,1.0
1784704550.010263,78.29608917236328,621,0.18854951858520508,2064,1.0
1784704551.083771,78.2886734008789,700,0.2111993432044983,2062,0.9861178994178772
1784704552.1561038,78.00096130371094,1211,0.3653576672077179,2064,0.9944393038749695
1784704553.241996,78.91189575195312,621,0.1778344064950943,2064,1.0
1784704554.347735,78.1568374633789,621,0.18420150876045227,2064,1.0
1784704555.4201028,78.17849731445312,621,0.1849818080663681,2064,0.9889558553695679
1784704556.517616,78.14012908935547,672,0.1850520670413971,2063,0.9849847555160522
1784704557.5841558,78.16210174560547,621,0.18210305273532867,2064,1.0
1784704558.6690009,78.17974853515625,621,0.18381091952323914,2064,1.0
1784704559.7598562,78.1577377319336,776,0.1959942877292633,2060,0.9716881513595581
1784704560.8581629,78.17093658447266,621,0.18240225315093994,2064,1.0
1784704561.928056,78.20552825927734,672,0.18737268447875977,2064,1.0
1784704563.025397,78.1429672241211,672,0.1805674433708191,2054,0.9952420592308044
1784704564.100553,78.00375366210938,1257,0.3899663984775543,2062,0.9991264939308167
1784704565.202243,78.93563842773438,672,0.1783498376607895,2064,1.0
1784704566.277052,77.97022247314453,672,0.17991743981838226,2064,1.0
1784704567.3659148,78.00603485107422,621,0.18347486853599548,2064,1.0
1784704568.443243,78.09981536865234,672,0.1847149133682251,2052,0.9945024251937866
1784704569.535669,78.01618957519531,621,0.18075814843177795,2064,1.0
1784704570.6176488,77.99401092529297,621,0.17986857891082764,2064,1.0
1784704571.693831,77.96575927734375,672,0.18299180269241333,2051,0.9941427707672119
1784704572.788013,77.9588851928711,621,0.1832198202610016,2064,1.0
1784704573.887989,78.00502014160156,621,0.1827796995639801,2064,1.0
1784704574.983808,78.06713104248047,621,0.18629147112369537,2064,1.0
1784704576.056957,77.85377502441406,1221,0.3693852722644806,2060,0.9985384941101074
1784704577.155087,79.08081817626953,890,0.22164057195186615,2032,0.9846742153167725
1784704578.24629,77.8591079711914,621,0.17960743606090546,2064,1.0
1784704579.342287,77.8240737915039,621,0.1814688891172409,2064,1.0
1784704580.420757,77.89368438720703,621,0.18344004452228546,2062,0.9992792010307312
1784704581.5071821,77.87213134765625,672,0.18134348094463348,2064,1.0
1784704582.597929,77.79031372070312,621,0.18425408005714417,2064,1.0
1784704583.678145,77.87482452392578,621,0.1845598965883255,2064,1.0
1784704584.764895,77.85800170898438,621,0.190383642911911,2064,1.0
1784704585.865332,77.79557037353516,621,0.18235909938812256,2064,1.0
1784704586.9408581,77.86029052734375,672,0.18701611459255219,2064,1.0
1784704588.013349,77.80870056152344,870,0.26524004340171814,2056,0.9961814880371094
1784704589.1193259,78.4548110961914,1042,0.3015384078025818,2060,0.9983205795288086
1784704590.204732,77.83450317382812,621,0.18834087252616882,2064,1.0
1784704591.292272,77.85803985595703,672,0.1819382607936859,2064,1.0
1784704592.3806279,77.80317687988281,621,0.1803809106349945,2049,0.9927428960800171
1784704593.46194,77.87427520751953,621,0.1810225397348404,2064,1.0
1784704594.554732,77.8791275024414,621,0.18211543560028076,2064,1.0
1784704595.643957,77.78414154052734,621,0.1740456521511078,2064,1.0
1784704596.712115,77.79300689697266,724,0.1876365691423416,2058,0.9971333742141724
1784704597.809678,77.79328155517578,621,0.17879849672317505,2064,1.0
1784704598.911024,77.8208236694336,621,0.1814718097448349,2064,1.0
1784704600.000866,77.74092102050781,621,0.17759045958518982,2064,1.0
1784704601.0726972,77.35440826416016,1229,0.3785676658153534,2064,1.0
1784704602.150683,78.3106460571289,672,0.1701834797859192,2064,1.0
1784704603.2600698,77.56441497802734,621,0.17621742188930511,2064,1.0
1784704604.337579,77.50262451171875,621,0.17369195818901062,2064,1.0
1784704605.439036,77.65472412109375,672,0.17545384168624878,2047,0.9919705986976624
1784704606.525922,77.6537094116211,672,0.17145980894565582,2064,1.0
1784704607.599864,77.58812713623047,621,0.17484083771705627,2064,1.0
1784704608.694143,77.55933380126953,621,0.17620643973350525,2064,1.0
1784704609.763125,77.58584594726562,621,0.180022194981575,2064,1.0
1784704610.856918,77.54059600830078,621,0.17520055174827576,2064,1.0
1784704611.9423108,77.58074951171875,672,0.17407426238059998,2064,1.0
1784704613.0458791,77.4791259765625,947,0.25800076127052307,2004,0.9713703989982605
1784704614.133981,77.95866394042969,1081,0.317444384098053,2063,0.9998158812522888
1784704615.209435,78.007080078125,621,0.1694774329662323,2064,1.0
1784704616.29936,77.44791412353516,672,0.16912035644054413,2064,1.0
1784704617.392307,77.37398529052734,621,0.17191195487976074,2049,0.9929007291793823
1784704618.486489,77.45360565185547,621,0.17425920069217682,2064,1.0
1784704619.579843,77.4874267578125,621,0.1724359542131424,2064,1.0
1784704620.6685069,77.51847839355469,621,0.1728338599205017,2064,1.0
1784704621.7669141,77.46981048583984,672,0.18268610537052155,2063,0.9998292326927185
1784704622.858526,77.5906753540039,621,0.17926643788814545,2064,1.0
1784704623.94448,77.38404083251953,621,0.17130380868911743,2064,1.0
1784704625.007313,77.39513397216797,621,0.17395451664924622,2064,1.0
1784704626.086581,77.21073913574219,1041,0.3200784921646118,2063,0.9997762441635132
1784704627.167258,78.12783813476562,838,0.22336705029010773,2064,1.0
1784704628.262183,77.22482299804688,621,0.16721804440021515,2064,1.0
1784704629.3628511,77.3165512084961,621,0.1719585359096527,2064,1.0
1784704630.4441862,77.24667358398438,621,0.17618948221206665,2044,0.990476131439209
1784704631.5286348,77.31111145019531,672,0.1715914011001587,2064,1.0
1784704632.6083782,77.24139404296875,621,0.17182281613349915,2064,1.0
1784704633.687132,77.26468658447266,621,0.17337380349636078,2064,1.0
1784704634.771362,77.43048095703125,724,0.17961013317108154,2014,0.9762097001075745
1784704635.8731809,77.21906280517578,621,0.17496854066848755,2064,1.0
1784704636.955016,77.34695434570312,672,0.17465610802173615,2064,1.0
1784704638.028639,77.1864242553711,697,0.2028639316558838,2062,0.9993412494659424
1784704639.117841,76.96113586425781,1206,0.36329665780067444,2064,1.0
1784704640.208373,78.00623321533203,621,0.16841194033622742,2064,1.0
1784704641.311855,77.2207260131836,672,0.17691412568092346,2064,1.0
1784704642.394311,77.22785186767578,621,0.17269402742385864,2064,1.0
1784704643.483382,77.2158432006836,621,0.17413394153118134,2063,0.9996305704116821
1784704644.571136,77.3051986694336,621,0.17576955258846283,2064,1.0
1784704645.663998,77.22484588623047,621,0.17682918906211853,2064,1.0
1784704646.759191,77.28617095947266,672,0.18205656111240387,2064,1.0
1784704647.8474188,77.23047637939453,621,0.17884224653244019,2064,1.0
1784704648.941278,77.2657699584961,621,0.1863863170146942,2054,0.9956187009811401
1784704650.023485,77.31623840332031,621,0.17597512900829315,2064,1.0
1784704651.0874481,77.09008026123047,1056,0.3224549889564514,2053,0.9951341152191162
1784704652.1794271,77.89598083496094,822,0.22119462490081787,2064,1.0
1784704653.267065,77.1647720336914,621,0.17530322074890137,2062,0.9991775751113892
1784704654.358461,77.21346282958984,621,0.17710347473621368,2064,1.0
1784704655.445303,77.2008285522461,621,0.17666764557361603,2057,0.9967424273490906
1784704656.536545,77.28495788574219,672,0.17563527822494507,2064,1.0
1784704657.632297,77.18280029296875,621,0.17742404341697693,2064,1.0
1784704658.715898,77.22461700439453,621,0.1770913302898407,2064,1.0
1784704659.800864,77.29133605957031,724,0.185592383146286,2059,0.9979590177536011
1784704660.884178,77.24896240234375,621,0.1725170612335205,2064,1.0
1784704661.9766788,77.3298568725586,672,0.17550796270370483,2064,1.0
1784704663.063532,77.27127075195312,686,0.19197241961956024,2063,0.9999628067016602
1784704664.1378298,77.00965118408203,1197,0.36038920283317566,2064,1.0
1784704665.22295,77.99568176269531,621,0.16382473707199097,2064,1.0
1784704666.319834,77.0614242553711,672,0.17201390862464905,2064,1.0
1784704667.402915,77.18496704101562,621,0.17278899252414703,2064,1.0
1784704668.473511,77.20105743408203,724,0.18908046185970306,2022,0.9798360466957092
1784704669.562337,77.40653991699219,621,0.17519629001617432,2064,1.0
1784704670.650354,77.29088592529297,621,0.17985330522060394,2064,1.0
1784704671.737762,77.20787811279297,672,0.18146665394306183,2056,0.9962542057037354
1784704672.815935,77.31879425048828,621,0.17806832492351532,2064,1.0
1784704673.904382,77.27750396728516,621,0.1722560077905655,2064,1.0
1784704674.996125,77.2916488647461,621,0.17388559877872467,2064,1.0
1784704676.075232,77.07687377929688,977,0.2884773313999176,2057,0.9966757297515869
1784704677.163431,77.8012924194336,897,0.2536015510559082,2064,1.0
1784704678.2393541,77.11202239990234,621,0.17311078310012817,2064,1.0
1784704679.320695,77.20536804199219,621,0.17407716810703278,2064,1.0
1784704680.396886,77.12918090820312,621,0.18252906203269958,2061,0.9988030195236206
1784704681.486809,77.2012939453125,672,0.18079817295074463,2064,1.0
1784704682.57481,77.13644409179688,621,0.1793133169412613,2064,1.0
1784704683.6683772,77.1957778930664,621,0.17977270483970642,2064,1.0
1784704684.75324,77.18891906738281,621,0.17930646240711212,2064,1.0
1784704685.825668,77.22319030761719,621,0.17717143893241882,2064,1.0
1784704686.913292,77.16265869140625,672,0.17803391814231873,2064,1.0
1784704688.0126028,77.17926788330078,684,0.18803654611110687,2063,0.9996743202209473
1784704689.095525,76.88394165039062,1226,0.37415367364883423,2064,1.0
1784704690.1946392,77.98900604248047,621,0.16850316524505615,2064,1.0
1784704691.2650628,77.12384033203125,672,0.17955052852630615,2064,1.0
1784704692.345679,77.12675476074219,621,0.1773328334093094,2064,1.0
1784704693.421521,77.0838623046875,672,0.18928171694278717,2059,0.997765839099884
1784704694.502003,77.14107513427734,621,0.17978976666927338,2064,1.0
1784704695.585948,77.1553726196289,621,0.17833511531352997,2064,1.0
1784704696.668162,77.11177062988281,672,0.1836259961128235,2063,0.9997355937957764
1784704697.744628,77.21854400634766,621,0.18047048151493073,2064,1.0
1784704698.829671,77.25749206542969,621,0.17854014039039612,2064,1.0
1784704699.9314282,77.25267028808594,621,0.17690035700798035,2064,1.0
1784704701.007883,77.0827865600586,977,0.28908205032348633,2064,1.0
1784704702.1035461,77.97015380859375,901,0.2615622282028198,2064,1.0
1784704703.1955771,77.06682586669922,621,0.17740380764007568,2064,1.0
1784704704.278506,77.15006256103516,621,0.18165691196918488,2064,1.0
1784704705.350233,77.1054916381836,621,0.18439054489135742,2054,0.9955095648765564
1784704706.4291189,77.18812561035156,672,0.18569669127464294,2064,1.0
1784704707.514395,77.18191528320312,621,0.18799850344657898,2064,1.0
1784704708.604331,77.14061737060547,621,0.18177351355552673,2064,1.0
1784704709.700117,77.25358581542969,621,0.18450938165187836,2057,0.9969929456710815
1784704710.775669,77.20803833007812,621,0.17869484424591064,2064,1.0
1784704711.847541,77.20755767822266,672,0.18230590224266052,2064,1.0
1784704712.9374971,77.24748229980469,783,0.22130823135375977,2061,0.9989469647407532
1784704714.0154371,76.86396789550781,1267,0.3687037229537964,2000,0.9693416357040405
1784704715.118481,78.23783874511719,621,0.1802978664636612,2064,1.0
1784704716.197718,77.10848999023438,621,0.18377657234668732,2064,1.0
1784704717.2812202,77.23344421386719,672,0.18143966794013977,2064,1.0
1784704718.381849,77.46076965332031,724,0.19002315402030945,2021,0.9793676137924194
1784704719.474234,77.38219451904297,621,0.17972585558891296,2064,1.0
1784704720.548177,77.29632568359375,621,0.18017730116844177,2064,1.0
1784704721.640735,77.30697631835938,672,0.18693800270557404,2047,0.9921340942382812
1784704722.716801,77.3164291381836,621,0.1802016943693161,2064,1.0
1784704723.801051,77.37294006347656,621,0.18196266889572144,2064,1.0
1784704724.883204,77.32095336914062,621,0.1805506944656372,2064,1.0
1784704725.961867,77.18854522705078,1244,0.37901026010513306,2064,1.0
1784704727.031413,78.1190185546875,720,0.20626825094223022,2064,1.0
1784704728.107211,77.30575561523438,621,0.1790333390235901,2064,1.0
1784704729.1960828,77.1277084350586,621,0.17999190092086792,2064,1.0
1784704730.2777998,77.22667694091797,621,0.18319816887378693,2055,0.9958032369613647
1784704731.366376,77.28528594970703,672,0.18209415674209595,2064,1.0
1784704732.450591,77.25167846679688,621,0.17992347478866577,2064,1.0
1784704733.536723,77.22181701660156,621,0.18073131144046783,2062,0.9994451999664307
1784704734.614683,77.34310913085938,621,0.18515729904174805,2064,1.0
1784704735.703213,77.28438568115234,621,0.18032586574554443,2064,1.0
1784704736.788857,77.34033203125,672,0.1839025318622589,2064,1.0
1784704737.861144,77.18301391601562,992,0.29475855827331543,2064,1.0
1784704738.922296,76.76083374023438,1510,0.21708974242210388,1388,0.6728125214576721
1784704739.987818,74.02527618408203,749,0.008717968128621578,1153,0.559345006942749
1784704741.030957,73.0178451538086,600,0.0,1676,0.8123700618743896
1784704742.0944982,72.59640502929688,627,0.00010364223271608353,1290,0.6255584359169006
